Debit,DATE,Description,Credit,Amount,,,,,
TD Bank,1/2/2020,Edo's Loan,Discover Student Loan,$370.00 ,,,,,
Citi Double Cash Back,1/4/2020,CVS/PHARMACY #01909 ELKRIDGE MD,Pharmacy,$32.57 ,,,,,
Citi Double Cash Back,1/5/2020,STEAMGAMES.COM 4259522 Bellevue WA,Electronics,$14.99 ,,,,,
Citi Double Cash Back,1/5/2020,WAWA 8109 00081091 READING PA,Volleyball,$42.66 ,,,,,
Dining Out,1/5/2020,Amarie paid me for WAWA,Venmo,$10.00 ,,,,,
AMEX Blue Cash,1/6/2020,ALDI,Groceries,$11.16 ,,,,,
Capital One Savor,1/6/2020,Pie Five Pizza Co,Delivery/ Carry-Out,$22.24 ,,,,,
Capital One Checking,1/6/2020,BGE,Apartment,$113.88 ,,,,,
Capital One Checking,1/6/2020,GREYSTAR-MDSHEC-,Apartment,"$1,534.89 ",,,,,
Capital One Checking,1/6/2020,Royal Farms,Gas,$25.19 ,,,,,
CACI,1/7/2020,PAYCHECK,Capital One Checking,"$1,145.00 ",,,,,
CACI,1/7/2020,PAYCHECK,Capital One Checking,"$1,145.00 ",,,,,
CACI,1/7/2020,PAYCHECK,Capital One Savings,$494.69 ,,,,,
CACI,1/7/2020,PAYCHECK,Capital One Savings,$744.04 ,,,,,
CACI,1/7/2020,PAYCHECK,TD Bank,$348.00 ,,,,,
CACI,1/7/2020,PAYCHECK,TD Bank,$350.00 ,,,,,
CACI,1/7/2020,PAYCHECK,Tower FCU Checking,$164.00 ,,,,,
CACI,1/7/2020,PAYCHECK,Tower FCU Checking,$164.00 ,,,,,
CACI,1/7/2020,PAYCHECK,401k,$280.01 ,,,,,
CACI,1/7/2020,PAYCHECK,401k - Syd,$307.51 ,,,,,
CACI Contr.,1/7/2020,PAYCHECK,401k,$140.01 ,,,,,
CACI Contr.,1/7/2020,PAYCHECK,401k - Syd,$153.76 ,,,,,
Amazon Store Card,1/7/2020,AMAZON MARKETPLACE,Gifts,$63.59 ,,,,,
Amazon Store Card,1/7/2020,AMAZON MARKETPLACE,Apartment Stuff,$4.39 ,,,,,
Capital One Checking,1/8/2020,Royal Farms,Gas,$50.71 ,,,,,
Capital One Checking,1/8/2020,Transfer,Paypal,$200.00 ,,,,,
Capital One Checking,1/8/2020,Transfer,Paypal,$309.00 ,,,,,
Paypal,1/8/2020,CHRVA Tournament entry fee,Volleyball,$200.00 ,,,,,
Paypal,1/8/2020,Wedding hair and makeup,Wedding,$309.00 ,,,,,
Gifts,1/8/2020,AMAZON MARKETPLACE,Amazon Store Card,$22.50 ,,,,,
Citi Double Cash Back,1/8/2020,DUNKIN' AUTO RELOAD 8004470013 MA,Coffee Shops,$50.00 ,,,,,
Citi Double Cash Back,1/8/2020,PABC MULTI SPACE 2 BALTIMORE MD,Parking,$6.00 ,,,,,
Volleyball,1/9/2020,"Syd transferred me money, most likely volleyball",Venmo,$216.50 ,,,,,
Amazon Store Card,1/9/2020,AMAZON MARKETPLACE,Gifts,$111.97 ,,,,,
Citi Double Cash Back,1/9/2020,SEAWORLD PARKS&ENT SEA 4075455550 FL,Activities,$14.99 ,,,,,
Citi Double Cash Back,1/9/2020,FOODSBY MINNEAPOLIS MN,Delivery/ Carry-Out,$9.91 ,,,,,
Capital One Checking,1/9/2020,Transfer,SquareCash,$198.00 ,,,,,
Capital One Checking,1/9/2020,Transfer,SquareCash,$120.00 ,,,,,
Capital One Checking,1/9/2020,Transfer,SquareCash,$33.00 ,,,,,
SquareCash,1/9/2020,Car Payments,Car Payments,$198.00 ,,,,,
SquareCash,1/9/2020,Syds health Insurance and Phone,Syds Insurance,$120.00 ,,,,,
SquareCash,1/9/2020,Phone Bill,Phone Bill,$33.00 ,,,,,
Citi Double Cash Back,1/10/2020,WAWA 23 00000232 PROSPECT PARK PA,Volleyball,$21.55 ,,,,,
Citi Double Cash Back,1/11/2020,WAWA 8639 00086397 CHANTILLY VA,Volleyball,$5.62 ,,,,,
Citi Double Cash Back,1/11/2020,MACYS COLUMBIA (MD) COLUMBIA MD,Clothing,$21.19 ,,,,,
Citi Double Cash Back,1/11/2020,BATH & BODY WORKS 3897 COLUMBIA MD,Apartment Stuff,$25.83 ,,,,,
Citi Double Cash Back,1/11/2020,0115 FOREVER 21 COLUMBIA MD,Clothing,$30.74 ,,,,,
Citi Double Cash Back,1/11/2020,H&M0126 COLUMBIA MD,Clothing,$102.77 ,,,,,
Capital One Savor,1/11/2020,Chick-Fil-A,Dining Out,$22.34 ,,,,,
Amazon Store Card,1/12/2020,AMAZON MARKETPLACE,Apartment Stuff,$16.95 ,,,,,
Citi Double Cash Back,1/12/2020,WAWA 941 00009415 MAYS LNDG NJ,Coffee Shops,$2.49 ,,,,,
Citi Double Cash Back,1/12/2020,7-ELEVEN 39135 ELKRIDGE MD,Groceries,$2.89 ,,,,,
Volleyball,1/12/2020,Grotke paid me back for Leauge,Venmo,$70.00 ,,,,,
Amazon Store Card,1/13/2020,AMAZON MARKETPLACE,Apartment Stuff,$37.09 ,,,,,
Amazon Store Card,1/13/2020,AMAZON MARKETPLACE,Wedding,$12.71 ,,,,,
AMEX Blue Cash,1/13/2020,ALDI,Groceries,$107.47 ,,,,,
Capital One Savor,1/13/2020,Tazza Caffe Delizioso,Coffee Shops,$13.86 ,,,,,
Capital One Savor,1/13/2020,Banquets Convenction,Dining Out,$9.00 ,,,,,
Capital One Savor,1/13/2020,AC Burger Co,Dining Out,$32.52 ,,,,,
Capital One Savor,1/13/2020,Harrah's,Dining Out,$26.00 ,,,,,
Capital One Savor,1/13/2020,Nordstrom,Dining Out,$32.33 ,,,,,
Capital One Checking,1/13/2020,Royal Farms,Gas,$26.49 ,,,,,
Capital One Checking,1/13/2020,Verizon,Verizon,$57.71 ,,,,,
Capital One Checking,1/13/2020,Syd Venmoes somebody for volleyball,Volleyball,$70.00 ,,,,,
TD Bank,1/13/2020,Dept Education Student Ln,NelNet Loan,"$1,022.14 ",,,,,
Gifts,1/14/2020,AMAZON MARKETPLACE,Amazon Store Card,$46.86 ,,,,,
Capital One Savor,1/14/2020,Tazza Caffe Delizioso,Dining Out,$16.53 ,,,,,
Capital One Savor,1/14/2020,Tazza Caffe Delizioso,Dining Out,$13.86 ,,,,,
Capital One Checking,1/14/2020,Transfer,Paypal,$36.00 ,,,,,
Capital One Checking,1/14/2020,Transfer,Paypal,$210.00 ,,,,,
Paypal,1/14/2020,HoCo Pickleball association,Activities,$36.00 ,,,,,
Paypal,1/14/2020,Paid John McHenry for league + John,Volleyball,$210.00 ,,,,,
Citi Double Cash Back,1/15/2020,JCPENNEY 2732 COLUMBIA MD,Clothing,$18.01 ,,,,,
Citi Double Cash Back,1/15/2020,CVS/PHARMACY #01909 ELKRIDGE MD,Pharmacy,$26.70 ,,,,,
Citi Double Cash Back,1/15/2020,ZOLA REGISTRY 4086579652 NY,Clothing,$76.02 ,,,,,
Citi Double Cash Back,1/15/2020,A EAGLE OUTFTR00001271 COLUMBIA MD,Clothing,$89.50 ,,,,,
Citi Double Cash Back,1/15/2020,SEPHORA 458 COLUMBIA MD,Clothing,$172.78 ,,,,,
Gifts,1/16/2020,AMAZON MARKETPLACE,Amazon Store Card,$65.11 ,,,,,
Citi Double Cash Back,1/16/2020,Spotify USA New York NY,Spotify,$9.99 ,,,,,
Citi Double Cash Back,1/16/2020,ZIPS DRY CLEANERS ELKR ELKRIDGE MD,Dry Cleaning,$18.41 ,,,,,
Citi Double Cash Back,1/16/2020,LARK BROWN LIQUOR ELKRIDGE MD,Alcohol/Bars,$33.77 ,,,,,
Capital One Savor,1/16/2020,Sarku Japan,Delivery/ Carry-Out,$22.11 ,,,,,
AMEX Blue Cash,1/17/2020,ALDI,Groceries,$11.29 ,,,,,
Amazon Store Card,1/18/2020,AMAZON MARKETPLACE,Gifts,$17.97 ,,,,,
Amazon Store Card,1/18/2020,AMAZON MARKETPLACE,Gifts,$67.72 ,,,,,
Amazon Store Card,1/18/2020,AMAZON MARKETPLACE,Gifts,$12.53 ,,,,,
Citi Double Cash Back,1/18/2020,PABC MULTI SPACE 2 BALTIMORE MD,Parking,$1.00 ,,,,,
Amazon Store Card,1/19/2020,AMAZON MARKETPLACE,Gifts,$9.53 ,,,,,
Citi Double Cash Back,1/19/2020,LOWES #02244* ELKRIDGE MD,Wedding,$12.17 ,,,,,
Discover It Credit Card,1/19/2020,GIANT,Groceries,$84.73 ,,,,,
Discover It Credit Card,1/19/2020,ALDI,Groceries,$5.73 ,,,,,
Chase Sapphire,1/20/2020,HOTEL AMOR ARENAL,Wedding,"$2,260.00 ",,,,,
Citi Double Cash Back,1/20/2020,A PART 2 PLAY GLEN BURNIE MD,Wedding,$210.00 ,,,,,
Capital One Savor,1/20/2020,Riptide By The Bay,Dining Out,$115.00 ,,,,,
Capital One Savor,1/20/2020,Tous Les Jours,Coffee Shops,$25.59 ,,,,,
Capital One Savor,1/20/2020,Tous Les Jours,Coffee Shops,$12.58 ,,,,,
Discover It Credit Card,1/21/2020,WEIS Markets,Groceries,$26.11 ,,,,,
Capital One Checking,1/21/2020,Royal Farms,Gas,$20.67 ,,,,,
Tower FCU Checking,1/21/2020,Payment to 407841-10L,Tower FCU Car Loan,$654.16 ,,,,,
CACI,1/22/2020,PAYCHECK,Capital One Checking,"$1,145.00 ",,,,,
CACI,1/22/2020,PAYCHECK,Capital One Checking,"$1,145.00 ",,,,,
CACI,1/22/2020,PAYCHECK,Capital One Savings,$750.47 ,,,,,
CACI,1/22/2020,PAYCHECK,Capital One Savings,$529.16 ,,,,,
CACI,1/22/2020,PAYCHECK,TD Bank,$350.00 ,,,,,
CACI,1/22/2020,PAYCHECK,TD Bank,$348.00 ,,,,,
CACI,1/22/2020,PAYCHECK,Tower FCU Checking,$164.00 ,,,,,
CACI,1/22/2020,PAYCHECK,Tower FCU Checking,$164.00 ,,,,,
CACI,1/22/2020,PAYCHECK,401k,$293.66 ,,,,,
CACI,1/22/2020,PAYCHECK,401k - Syd,$307.51 ,,,,,
CACI,1/22/2020,PAYCHECK,HSA,$83.33 ,,,,,
CACI Contr.,1/22/2020,PAYCHECK,401k,$146.83 ,,,,,
CACI Contr.,1/22/2020,PAYCHECK,401k - Syd,$153.76 ,,,,,
CACI Contr.,1/22/2020,PAYCHECK,HSA,$150.00 ,,,,,
Amazon Store Card,1/23/2020,AMAZON MARKETPLACE,Clothing,$145.91 ,,,,,
Citi Double Cash Back,1/23/2020,WEGMANS COLUMBIA #47,Groceries,$129.06 ,,,,,
Groceries,1/23/2020,Ward split the groceries for Jeanine's birthday,SquareCash,$65.00 ,,,,,
Amazon Store Card,1/26/2020,AMAZON MARKETPLACE,Volleyball,$14.82 ,,,,,
Venmo,1/26/2020,Paid Ob for Chick-Fil-A,Dining Out,$17.00 ,,,,,
Amazon Store Card,1/27/2020,AMAZON MARKETPLACE,Clothing,$32.85 ,,,,,
Amazon Store Card,1/27/2020,AMAZON MARKETPLACE,Pharmacy,$6.72 ,,,,,
Citi Double Cash Back,1/27/2020,USPS PO 2341400277 ELKRIDGE MD,Wedding,$49.50 ,,,,,
Capital One Checking,1/27/2020,Royal Farms,Gas,$13.86 ,,,,,
Capital One Checking,1/27/2020,Royal Farms,Gas,$49.51 ,,,,,
Capital One Savor,1/27/2020,McDonalds,Dining Out,$9.95 ,,,,,
Amazon Store Card,1/28/2020,AMAZON MARKETPLACE,Groceries,$3.69 ,,,,,
Capital One Savor,1/28/2020,MOD Pizza,Dining Out,$25.10 ,,,,,
Amazon Store Card,1/29/2020,AMAZON MARKETPLACE,Clothing,$39.21 ,,,,,
Clothing,1/29/2020,refund - AMAZON MARKETPLACE,Amazon Store Card,$24.05 ,,,,,
Citi Double Cash Back,1/29/2020,DEFENDER RAZOR,Grooming,$7.95 ,,,,,
Citi Double Cash Back,1/29/2020,THE CITY OF LAUREL HANOVER MD,Tickets/Fines,$40.00 ,,,,,
Discover It Credit Card,1/29/2020,ALDI,Groceries,$142.39 ,,,,,
Amazon Store Card,1/30/2020,AMAZON MARKETPLACE,Electronics,$10.53 ,,,,,
Citi Double Cash Back,1/30/2020,DUNKIN' AUTO RELOAD 8004470013 MA,Coffee Shops,$50.00 ,,,,,
Citi Double Cash Back,1/30/2020,Etsy.com Brooklyn NY,Wedding,$290.97 ,,,,,
Amazon Store Card,1/31/2020,AMAZON MARKETPLACE,Wedding,$90.10 ,,,,,
Clothing,1/31/2020,refund - AMAZON MARKETPLACE,Amazon Store Card,$99.61 ,,,,,
Checking Interest,1/31/2020,Monthly Interest Paid,Capital One Checking,$0.95 ,,,,,
Savings Interest,1/31/2020,Monthly Interest Paid,Capital One Savings,$22.22 ,,,,,
Checking Interest,1/31/2020,DIVIDEND/ Dividend,Tower FCU Checking,$0.03 ,,,,,
Savings Interest,1/31/2020,DIVIDEND/ Dividend,Tower FCU Savings,$0.02 ,,,,,
Citi Double Cash Back,2/1/2020,LARK BROWN LIQUOR ELKRIDGE MD,Alcohol/Bars,$37.04 ,,,,,
Discover It Credit Card,2/1/2020,WEIS Markets,Groceries,$41.52 ,,,,,
Capital One Savor,2/1/2020,Chipotle,Dining Out,$22.32 ,,,,,
Citi Double Cash Back,2/2/2020,CVS/PHARMACY #01909 ELKRIDGE MD,Pharmacy,$6.99 ,,,,,
SquareCash,2/2/2020,SuperBowl Boxes,Activities,$10.00 ,,,,,
Citi Double Cash Back,2/3/2020,ACT GEARS ELIZABETH TOWN PA,Volleyball,$60.00 ,,,,,
Citi Double Cash Back,2/3/2020,FOODSBY MINNEAPOLIS MN,Delivery/ Carry-Out,$22.78 ,,,,,
Capital One Checking,2/3/2020,PAYMENT - Thank You,BofA Cash Card,$680.49 ,,,,,
Capital One Checking,2/3/2020,Royal Farms,Gas,$22.75 ,,,,,
Capital One Checking,2/3/2020,BALTIMOREGAS RES,Apartment,$131.04 ,,,,,
Capital One Checking,2/3/2020,GREYSTAR-MDSHEC-,Apartment,"$1,534.73 ",,,,,
TD Bank,2/3/2020,Edo's Loan,Discover Student Loan,$370.00 ,,,,,
Capital One Savor,2/3/2020,"Earth, Wood & Fire - Baltimore",Dining Out,$62.00 ,,,,,
Amazon Store Card,2/4/2020,AMAZON MARKETPLACE,Clothing,$84.12 ,,,,,
Citi Double Cash Back,2/4/2020,ACT GEARS ELIZABETH TOWN PA,Volleyball,$60.00 ,,,,,
Capital One Checking,2/4/2020,Royal Farms,Gas,$23.49 ,,,,,
Capital One Checking,2/4/2020,Transfer,Paypal,$200.00 ,,,,,
Paypal,2/4/2020,CHRVA Tournament entry fee,Volleyball,$200.00 ,,,,,
Paypal,2/4/2020,Etsy Wedding Gift for Syds Mom,Wedding,$120.65 ,,,,,
Capital One Savor,2/4/2020,THE POTTERY STOP,Coffee Shops,$13.14 ,,,,,
Capital One Savor,2/5/2020,JASON'S DELI MDC 161,Dining Out,$16.41 ,,,,,
Amazon Store Card,2/6/2020,AMAZON MARKETPLACE,Clothing,$14.30 ,,,,,
Amazon Store Card,2/6/2020,AMAZON MARKETPLACE,Clothing,$54.85 ,,,,,
Amazon Store Card,2/6/2020,AMAZON MARKETPLACE,Clothing,$67.81 ,,,,,
Cashback,2/7/2020,Cashback - addition,Cashback - Amazon Card,$27.59 ,,,,,
Cashback,2/7/2020,Cashback - addition,Cashback - AMEX,$10.70 ,,,,,
Cashback,2/7/2020,Cashback - addition,Cashback - Citi,$15.41 ,,,,,
CACI,2/7/2020,PAYCHECK,Capital One Savings,"$1,164.12 ",,,,,
CACI,2/7/2020,PAYCHECK,Capital One Savings,$513.56 ,,,,,
CACI,2/7/2020,PAYCHECK,TD Bank,$350.00 ,,,,,
CACI,2/7/2020,PAYCHECK,TD Bank,$348.00 ,,,,,
CACI,2/7/2020,PAYCHECK,Tower FCU Checking,$164.00 ,,,,,
CACI,2/7/2020,PAYCHECK,Tower FCU Checking,$164.00 ,,,,,
CACI,2/7/2020,PAYCHECK,401k,$293.66 ,,,,,
CACI,2/7/2020,PAYCHECK,401k - Syd,$370.04 ,,,,,
CACI,2/7/2020,PAYCHECK,HSA,$108.33 ,,,,,
CACI Contr.,2/7/2020,PAYCHECK,401k,$146.83 ,,,,,
CACI Contr.,2/7/2020,PAYCHECK,401k - Syd,$185.02 ,,,,,
CACI,2/7/2020,PAYCHECK,Capital One Checking,"$1,145.00 ",,,,,
CACI,2/7/2020,PAYCHECK,Capital One Checking,"$1,145.00 ",,,,,
Capital One Checking,2/7/2020,Transfer,Paypal,$120.65 ,,,,,
SquareCash,2/7/2020,Paid Lior for Phone,Phone Bill,$33.00 ,,,,,
SquareCash,2/7/2020,Paid Lior for Car,Car Payments,$198.00 ,,,,,
SquareCash,2/7/2020,Paid Ward for Syds Insurance and Phone,Syds Insurance,$120.00 ,,,,,
Capital One Checking,2/7/2020,Transfer,SquareCash,$198.00 ,,,,,
Capital One Savor,2/7/2020,ON THE BORDER,Dining Out,$15.00 ,,,,,
Capital One Savor,2/8/2020,THE POTTERY STOP,Coffee Shops,$9.27 ,,,,,
Clothing,2/9/2020,AMAZON MARKETPLACE,Amazon Store Card,$60.81 ,,,,,
Capital One Savor,2/9/2020,PLAYA BOWLS - COLLEGE,Dining Out,$23.15 ,,,,,
Capital One Savor,2/9/2020,POTBELLY #50,Dining Out,$51.77 ,,,,,
Capital One Savor,2/9/2020,CKE*BAGEL PLACE OF COL,Dining Out,$6.92 ,,,,,
Citi Double Cash Back,2/9/2020,SEAWORLD PARKS&ENT SEA 4075455550 FL,Activities,$14.99 ,,,,,
Coffee Shops,2/9/2020,Angela gave me money probably for coffee,Venmo,$10.00 ,,,,,
Venmo,2/9/2020,Paid Carl for P4K,Volleyball,$24.25 ,,,,,
Delivery/ Carry-Out,2/9/2020,Anthony gave me money for PotBelly,Venmo,$9.00 ,,,,,
Delivery/ Carry-Out,2/9/2020,Aaron gave me money for PotBelly,Venmo,$6.25 ,,,,,
Delivery/ Carry-Out,2/9/2020,Grotke paid me for PotBelly,SquareCash,$8.75 ,,,,,
Citi Double Cash Back,2/10/2020,DUNKIN' MOBILE,Coffee Shops,$15.00 ,,,,,
Citi Double Cash Back,2/10/2020,DUNKIN' AUTO RELOAD 8004470013 MA,Coffee Shops,$50.00 ,,,,,
SquareCash,2/11/2020,Transfer,Capital One Checking,$108.25 ,,,,,
Capital One Checking,2/11/2020,PAYMENT - Thank You,AMEX Blue Cash,$278.79 ,,,,,
Capital One Checking,2/11/2020,PAYMENT - Thank You,Capital One Savor,$817.46 ,,,,,
Capital One Checking,2/11/2020,PAYMENT - Thank You,Chase Sapphire,"$2,260.00 ",,,,,
Capital One Checking,2/11/2020,PAYMENT - Thank You,Citi Double Cash Back,"$1,878.89 ",,,,,
Capital One Checking,2/11/2020,PAYMENT - Thank You,Discover It Credit Card,$300.48 ,,,,,
Capital One Checking,2/11/2020,PAYMENT - Thank You,Amazon Store Card,$572.76 ,,,,,
Amazon Store Card,2/11/2020,AMAZON MARKETPLACE,Clothing,$41.34 ,,,,,
Capital One Savor,2/11/2020,CHICK-FIL-A #01454,Dining Out,$24.73 ,,,,,
Citi Double Cash Back,2/11/2020,Etsy.com - TheBindingT,Wedding,$58.29 ,,,,,
TD Bank,2/11/2020,Dept Education Student Ln,NelNet Loan,"$1,022.14 ",,,,,
Amazon Store Card,2/12/2020,AMAZON MARKETPLACE,Clothing,$24.37 ,,,,,
Amazon Store Card,2/12/2020,AMAZON MARKETPLACE,Clothing,$12.99 ,,,,,
Clothing,2/12/2020,AMAZON MARKETPLACE,Amazon Store Card,$47.68 ,,,,,
Clothing,2/12/2020,AMAZON MARKETPLACE,Amazon Store Card,$11.51 ,,,,,
Amazon Store Card,2/12/2020,AMAZON MARKETPLACE,Clothing,$54.36 ,,,,,
Clothing,2/12/2020,AMAZON MARKETPLACE,Amazon Store Card,$23.31 ,,,,,
Amazon Store Card,2/12/2020,AMAZON MARKETPLACE,Clothing,$7.00 ,,,,,
Amazon Store Card,2/12/2020,AMAZON MARKETPLACE,Amazon,$119.00 ,,,,,
Citi Double Cash Back,2/13/2020,HM.COM New York,Clothing,$19.86 ,,,,,
Citi Double Cash Back,2/13/2020,WAL-MART #5228 COLUMBIA MD,Wedding,$64.81 ,,,,,
Discover It Credit Card,2/13/2020,ALDI,Groceries,$93.44 ,,,,,
Capital One Checking,2/13/2020,Royal Farms,Gas,$21.55 ,,,,,
Capital One Checking,2/13/2020,FORARY LLC,Wedding,$92.00 ,,,,,
Amazon Store Card,2/14/2020,AMAZON MARKETPLACE,Clothing,$18.01 ,,,,,
Amazon Store Card,2/14/2020,AMAZON MARKETPLACE,Clothing,$12.69 ,,,,,
Amazon Store Card,2/14/2020,AMAZON MARKETPLACE,Clothing,$34.66 ,,,,,
Clothing,2/14/2020,AMAZON MARKETPLACE,Amazon Store Card,$28.61 ,,,,,
Capital One Savor,2/14/2020,SLURPIN RAMEN,Dining Out,$37.79 ,,,,,
Capital One Savor,2/14/2020,ROYALTEA LLC,Dining Out,$11.34 ,,,,,
CACI,2/14/2020,HSA Refund,Capital One Checking,$25.00 ,,,,,
Capital One Checking,2/14/2020,Verizon,Verizon,$57.71 ,,,,,
Capital One Savor,2/15/2020,IHOP 526,Dining Out,$45.00 ,,,,,
Citi Double Cash Back,2/15/2020,EXXONMOBIL,Gas,$20.00 ,,,,,
Capital One Savor,2/16/2020,Leelynns,Dining Out,$33.57 ,,,,,
Capital One Savor,2/16/2020,SQ *KATANA SUSHI OF EL,Dining Out,$71.55 ,,,,,
Citi Double Cash Back,2/16/2020,Spotify USA New York NY,Spotify,$9.99 ,,,,,
Discover It Credit Card,2/16/2020,ALDI,Groceries,$7.52 ,,,,,
Capital One Savings,2/16/2020,Transfer,Capital One Checking,"$2,000.00 ",,,,,
Capital One Savor,2/17/2020,ALLIANZ EVENT INS,Activities,$20.80 ,,,,,
Citi Double Cash Back,2/17/2020,T-MOBILE STORE #4775 COLUMBIA,Electronics,$10.60 ,,,,,
Capital One Savor,2/18/2020,TM *AJR,Activities,$287.00 ,,,,,
Citi Double Cash Back,2/18/2020,MOUS PRODUCTS LTD,Electronics,$49.99 ,,,,,
Capital One Checking,2/18/2020,Transfer,Paypal,$320.08 ,,,,,
Paypal,2/18/2020,Groomsmen Gifts,Wedding,$320.08 ,,,,,
Capital One Savor,2/19/2020,COLDSTONE #22069   QPS,Snacks,$14.82 ,,,,,
Capital One Savor,2/19/2020,ANYWHERE INC,Wedding,$27.89 ,,,,,
Capital One Savor,2/19/2020,PTISKY ARENAL,Wedding,$174.72 ,,,,,
Citi Double Cash Back,2/19/2020,LAUREL FOOT AND ANKLE LAUREL,Doctor Visit,$188.05 ,,,,,
Amazon Store Card,2/20/2020,AMAZON MARKETPLACE,Clothing,$19.07 ,,,,,
Amazon Store Card,2/20/2020,AMAZON MARKETPLACE,Clothing,$9.79 ,,,,,
Amazon Store Card,2/20/2020,AMAZON MARKETPLACE,Clothing,$116.55 ,,,,,
Citi Double Cash Back,2/20/2020,APPLE.COM/US,Electronics,$740.94 ,,,,,
Citi Double Cash Back,2/20/2020,BESTBUYCOM,Electronics,$539.53 ,,,,,
Citi Double Cash Back,2/20/2020,APPLE.COM/US,Electronics,$0.99 ,,,,,
CACI,2/21/2020,PAYCHECK,Capital One Checking,"$1,145.00 ",,,,,
CACI,2/21/2020,PAYCHECK,Capital One Checking,"$1,145.00 ",,,,,
CACI,2/21/2020,PAYCHECK,Capital One Savings,$529.32 ,,,,,
CACI,2/21/2020,PAYCHECK,Capital One Savings,"$1,164.29 ",,,,,
CACI,2/21/2020,PAYCHECK,TD Bank,$348.00 ,,,,,
CACI,2/21/2020,PAYCHECK,TD Bank,$350.00 ,,,,,
CACI,2/21/2020,PAYCHECK,Tower FCU Checking,$164.00 ,,,,,
CACI,2/21/2020,PAYCHECK,Tower FCU Checking,$164.00 ,,,,,
CACI,2/21/2020,PAYCHECK,401k,$293.66 ,,,,,
CACI,2/21/2020,PAYCHECK,401k - Syd,$370.04 ,,,,,
CACI Contr.,2/21/2020,PAYCHECK,401k,$146.83 ,,,,,
CACI Contr.,2/21/2020,PAYCHECK,401k - Syd,$185.02 ,,,,,
Tower FCU Checking,2/21/2020,Payment to 407841-10L,Tower FCU Car Loan,$654.16 ,,,,,
CACI,2/21/2020,PAYCHECK,HSA,$83.33 ,,,,,
Venmo,2/21/2020,Testing money from iMessage,Activities,$1.00 ,,,,,
Volleyball,2/21/2020,Jared gave me money for Doubles,Venmo,$30.00 ,,,,,
Citi Double Cash Back,2/22/2020,TURKEY HILL #0024,Snacks,$6.67 ,,,,,
Citi Double Cash Back,2/22/2020,DUNKIN #348466,Coffee Shops,$10.67 ,,,,,
Capital One Savor,2/24/2020,DOMINO'S 4620,Dining Out,$21.32 ,,,,,
Citi Double Cash Back,2/24/2020,CHIPOTLE ONLINE,Delivery/ Carry-Out,$13.98 ,,,,,
Citi Double Cash Back,2/24/2020,LARK BROWN LIQUOR ELKRIDGE MD,Alcohol/Bars,$10.89 ,,,,,
Capital One Savor,2/26/2020,FOODSBY,Dining Out,$11.92 ,,,,,
Amazon Store Card,2/26/2020,AMAZON MARKETPLACE,Electronics,$8.47 ,,,,,
Cashback,2/27/2020,Cashback - addition,Cashback - Citi,$44.48 ,,,,,
Cashback - Citi,2/27/2020,Redeemed for Apple Stuff,Citi Double Cash Back,$438.62 ,,,,,
Cashback,2/27/2020,Cashback - addition,Cashback - Discover,$20.09 ,,,,,
Cashback,2/27/2020,Cashback - addition,Cashback - Savor,$47.28 ,,,,,
Cashback - Savor,2/27/2020,Redeemed for Apple Stuff,Capital One Savor,$308.26 ,,,,,
Delivery/ Carry-Out,2/27/2020,CHIPOTLE ONLINE,Citi Double Cash Back,$8.09 ,,,,,
Capital One Checking,2/28/2020,PAYMENT - Thank You,BofA Cash Card,$680.49 ,,,,,
Discover It Credit Card,2/28/2020,WEIS Markets,Groceries,$18.57 ,,,,,
Discover It Credit Card,2/28/2020,Aldi,Groceries,$130.86 ,,,,,
Capital One Savor,2/28/2020,Hunan Lion,Delivery/ Carry-Out,$23.59 ,,,,,
Checking Interest,2/29/2020,Monthly Interest Paid,Capital One Checking,$0.56 ,,,,,
Savings Interest,2/29/2020,Monthly Interest Paid,Capital One Savings,$21.75 ,,,,,
Chase Sapphire,2/29/2020,ST JOHN'S JEWELERS,Wedding,"$1,431.00 ",,,,,
Citi Double Cash Back,2/29/2020,STARRY NIGHT BAKERY 4108719131 MD,Activities,$58.30 ,,,,,
Discover It Credit Card,2/29/2020,Michaels,Wedding,$35.04 ,,,,,
Checking Interest,2/29/2020,DiVIDEND / Dividend,Tower FCU Checking,$0.03 ,,,,,
Savings Interest,2/29/2020,DiVIDEND / Dividend,Tower FCU Savings,$0.02 ,,,,,
Discover It Credit Card,3/1/2020,WEGMANS COLUMBIA #47,Snacks,$18.02 ,,,,,
Venmo,3/1/2020,Paid Laura for Coffee,Delivery/ Carry-Out,$3.00 ,,,,,
Volleyball,3/1/2020,Amarie paid me for P4K,Venmo,$30.00 ,,,,,
Clothing,3/2/2020,AMAZON MARKETPLACE,Amazon Store Card,$26.49 ,,,,,
Amazon Store Card,3/2/2020,AMAZON MARKETPLACE,Electronics,$18.00 ,,,,,
Amazon Store Card,3/2/2020,AMAZON MARKETPLACE,Clothing,$21.18 ,,,,,
Clothing,3/2/2020,AMAZON MARKETPLACE,Amazon Store Card,$19.07 ,,,,,
Amazon Store Card,3/2/2020,AMAZON MARKETPLACE,Wedding,$13.77 ,,,,,
Capital One Checking,3/2/2020,Royal Farms,Gas,$24.46 ,,,,,
TD Bank,3/2/2020,Edo's Loan,Discover Student Loan,$370.00 ,,,,,
Capital One Savor,3/2/2020,YFL ELLICOT CITY,Dining Out,$18.07 ,,,,,
Clothing,3/3/2020,AMAZON MARKETPLACE,Amazon Store Card,$20.13 ,,,,,
Capital One Checking,3/3/2020,BALTIMOREGAS RES,Apartment,$163.42 ,,,,,
Capital One Checking,3/4/2020,GREYSTAR-MDSHEC-,Apartment,"$1,530.63 ",,,,,
Capital One Savings,3/4/2020,Transfer,Capital One Checking,"$6,365.82 ",,,,,
Capital One Checking,3/4/2020,Transfer,SquareCash,$120.00 ,,,,,
Capital One Checking,3/4/2020,Transfer,SquareCash,$33.00 ,,,,,
Capital One Checking,3/4/2020,Transfer,SquareCash,$198.00 ,,,,,
SquareCash,3/4/2020,Paid Ward for Syds Insurance and Phone,Syds Insurance,$120.00 ,,,,,
SquareCash,3/4/2020,Paid Lior for Phone,Phone Bill,$33.00 ,,,,,
SquareCash,3/4/2020,Paid Lior for car,Car Payments,$198.00 ,,,,,
Volleyball,3/4/2020,Sam paid mef or P4k,Venmo,$30.00 ,,,,,
Clothing,3/5/2020,AMAZON MARKETPLACE,Amazon Store Card,$15.89 ,,,,,
Capital One Checking,3/5/2020,Transfer,Paypal,$150.00 ,,,,,
Paypal,3/5/2020,Paid Dalia Ben Moshe (Ketubatah.com),Wedding,$150.00 ,,,,,
Capital One Checking,3/6/2020,PAYMENT - Thank You,Amazon Store Card,$401.71 ,,,,,
Capital One Checking,3/6/2020,PAYMENT - Thank You,Capital One Savor,$729.22 ,,,,,
Capital One Checking,3/6/2020,PAYMENT - Thank You,Chase Sapphire,"$1,431.00 ",,,,,
Capital One Checking,3/6/2020,PAYMENT - Thank You,Citi Double Cash Back,"$1,436.84 ",,,,,
Capital One Checking,3/6/2020,PAYMENT - Thank You,Discover It Credit Card,$303.45 ,,,,,
Amazon Store Card,3/6/2020,AMAZON DIGITAL,Movie Rentals,$5.99 ,,,,,
Capital One Savor,3/6/2020,The Bridal Boutique,Wedding,$40.00 ,,,,,
CACI,3/6/2020,PAYCHECK,Capital One Checking,"$1,145.00 ",,,,,
CACI,3/6/2020,PAYCHECK,Capital One Checking,"$1,145.00 ",,,,,
CACI,3/6/2020,PAYCHECK,Capital One Savings,$529.32 ,,,,,
CACI,3/6/2020,PAYCHECK,Capital One Savings,"$1,164.28 ",,,,,
CACI,3/6/2020,PAYCHECK,TD Bank,$348.00 ,,,,,
CACI,3/6/2020,PAYCHECK,TD Bank,$350.00 ,,,,,
CACI,3/6/2020,PAYCHECK,Tower FCU Checking,$164.00 ,,,,,
CACI,3/6/2020,PAYCHECK,Tower FCU Checking,$164.00 ,,,,,
CACI,3/6/2020,PAYCHECK,HSA,$83.33 ,,,,,
CACI,3/6/2020,PAYCHECK,401k,$293.66 ,,,,,
CACI,3/6/2020,PAYCHECK,401k - Syd,$370.04 ,,,,,
CACI Contr.,3/6/2020,PAYCHECK,401k,$146.83 ,,,,,
CACI Contr.,3/6/2020,PAYCHECK,401k - Syd,$185.02 ,,,,,
Citi Double Cash Back,3/7/2020,Harford Vineyard LLC FOREST HILL MD,Activities,$33.39 ,,,,,
Citi Double Cash Back,3/7/2020,Royal Farms,Gas,$20.54 ,,,,,
Discover It Credit Card,3/7/2020,WEIS Markets,Groceries,$19.31 ,,,,,
Capital One Savor,3/7/2020,The Greene Turtle Sports Bar & Grille,Dining Out,$42.00 ,,,,,
Capital One Savor,3/7/2020,Oceana Grill,Dining Out,$21.00 ,,,,,
Citi Double Cash Back,3/8/2020,E-Zpass MD REBILL,Tolls/EZ-Pass,$25.00 ,,,,,
Citi Double Cash Back,3/8/2020,APPLE.COM/US,Electronics,$263.94 ,,,,,
Citi Double Cash Back,3/9/2020,SEAWORLD PARKS&ENT SEA 4075455550 FL,Activities,$14.99 ,,,,,
Capital One Savor,3/9/2020,Noodles & Company,Dining Out,$9.28 ,,,,,
Capital One Savor,3/9/2020,Vagabond Sandwich Company,Dining Out,$10.60 ,,,,,
Amazon Store Card,3/10/2020,AMAZON MARKETPLACE,Nutritional Items,$19.99 ,,,,,
Citi Double Cash Back,3/10/2020,TAXI SVC NEW ORLEANS,Public Transportation,$36.00 ,,,,,
Citi Double Cash Back,3/10/2020,UBER TRIP,Uber,$27.34 ,,,,,
Capital One Checking,3/11/2020,Transfer,SquareCash,$75.00 ,,,,,
SquareCash,3/11/2020,Paid Ward for a ticket that Syd got,Tickets/Fines,$75.00 ,,,,,
TD Bank,3/11/2020,Dept Education Student Ln,NelNet Loan,"$1,022.14 ",,,,,
Amazon Store Card,3/12/2020,AMAZON MARKETPLACE,Gifts,$42.38 ,,,,,
Discover It Credit Card,3/12/2020,WEIS Markets,Groceries,$5.00 ,,,,,
Discover It Credit Card,3/12/2020,ALDI,Groceries,$160.34 ,,,,,
Capital One Savor,3/12/2020,Concession Air Copr,Dining Out,$17.89 ,,,,,
Capital One Savor,3/12/2020,Coal Fire,Dining Out,$25.87 ,,,,,
Gifts-R,3/12/2020,Wedding gift,Capital One Checking,$100.00 ,,,,,
Gifts-R,3/12/2020,Wedding gift,Capital One Checking,$250.84 ,,,,,
Various Income,3/12/2020,Redeemed for Apple Stuff,Capital One Checking,$416.93 ,,,,,
Citi Double Cash Back,3/14/2020,Dunkin AUTO RELOAD,Coffee Shops,$50.00 ,,,,,
Citi Double Cash Back,3/14/2020,WAWA 582,Snacks,$5.29 ,,,,,
Capital One Savor,3/14/2020,Cold Stone Creamery,Snacks,$14.82 ,,,,,
Citi Double Cash Back,3/15/2020,SOUTHWEST,Public Transportation,$177.96 ,,,,,
Citi Double Cash Back,3/15/2020,THE POTTERY STOP,Activities,$47.70 ,,,,,
Citi Double Cash Back,3/15/2020,FRIENDSHIP WINE & LIQ,Alcohol/Bars,$17.39 ,,,,,
Citi Double Cash Back,3/16/2020,Spotify USA New York NY,Spotify,$9.99 ,,,,,
Capital One Savor,3/16/2020,YFL ELLICOT CITY (Jumob Jumbo Café),Delivery/ Carry-Out,$19.13 ,,,,,
Capital One Checking,3/16/2020,Royal Farms,Gas,$21.50 ,,,,,
Capital One Checking,3/16/2020,Verizon,Verizon,$57.71 ,,,,,
Discover It Credit Card,3/18/2020,ALDI,Groceries,$12.66 ,,,,,
Citi Double Cash Back,3/19/2020,CVS/PHARMACY #01909 ELKRIDGE MD,Pharmacy,$21.73 ,,,,,
Citi Double Cash Back,3/19/2020,Royal Farms,Snacks,$8.88 ,,,,,
Capital One Savor,3/19/2020,Katana Sushi,Delivery/ Carry-Out,$67.36 ,,,,,
Citi Double Cash Back,3/20/2020,JEWELERS-MUTUAL-PMNT,Auto Insurance,$25.00 ,,,,,
Citi Double Cash Back,3/20/2020,GEICO *AUTO,Auto Insurance,$260.95 ,,,,,
Citi Double Cash Back,3/20/2020,AGI *RENTERS/CONDO,Auto Insurance,$181.00 ,,,,,
Citi Double Cash Back,3/20/2020,GEICO *AUTO,Auto Insurance,$992.32 ,,,,,
Citi Double Cash Back,3/20/2020,7-ELEVEN 39135 ELKRIDGE MD,Snacks,$3.59 ,,,,,
Tower FCU Checking,3/21/2020,Paymet to 407841-10L,Tower FCU Car Loan,$654.16 ,,,,,
Amazon Store Card,3/22/2020,AMAZON MARKETPLACE,Crafts,$22.25 ,,,,,
Citi Double Cash Back,3/22/2020,QUIP NYC INC,Pharmacy,$55.00 ,,,,,
Citi Double Cash Back,3/22/2020,WEIS Markets,Groceries,$38.10 ,,,,,
Citi Double Cash Back,3/22/2020,LARK BROWN LIQUOR ELKRIDGE MD,Alcohol/Bars,$7.62 ,,,,,
Capital One Savor,3/22/2020,DOMINO'S 4620,Delivery/ Carry-Out,$40.85 ,,,,,
Capital One Savor,3/22/2020,Eggspectation,Delivery/ Carry-Out,$105.00 ,,,,,
CACI,3/22/2020,PAYCHECK,Capital One Checking,"$1,145.00 ",,,,,
CACI,3/22/2020,PAYCHECK,Capital One Checking,"$1,145.00 ",,,,,
CACI,3/22/2020,PAYCHECK,Capital One Savings,$529.32 ,,,,,
CACI,3/22/2020,PAYCHECK,Capital One Savings,"$1,164.28 ",,,,,
CACI,3/22/2020,PAYCHECK,TD Bank,$348.00 ,,,,,
CACI,3/22/2020,PAYCHECK,TD Bank,$350.00 ,,,,,
CACI,3/22/2020,PAYCHECK,Tower FCU Checking,$164.00 ,,,,,
CACI,3/22/2020,PAYCHECK,Tower FCU Checking,$164.00 ,,,,,
CACI,3/22/2020,PAYCHECK,HSA,$83.33 ,,,,,
CACI,3/22/2020,PAYCHECK,401k,$293.66 ,,,,,
CACI,3/22/2020,PAYCHECK,401k - Syd,$370.04 ,,,,,
CACI Contr.,3/22/2020,PAYCHECK,401k,$146.83 ,,,,,
CACI Contr.,3/22/2020,PAYCHECK,401k - Syd,$185.02 ,,,,,
Capital One Checking,3/23/2020,Royal Farms,Gas,$21.46 ,,,,,
Citi Double Cash Back,3/23/2020,USA*D & J ENTERPRISES,Snacks,$0.75 ,,,,,
Discover It Credit Card,3/23/2020,Aldi,Groceries,$90.15 ,,,,,
Capital One Checking,3/25/2020,PAYMENT - Thank You,Amazon Store Card,$34.46 ,,,,,
Capital One Checking,3/25/2020,PAYMENT - Thank You,Capital One Savor,$455.45 ,,,,,
Capital One Checking,3/25/2020,PAYMENT - Thank You,Citi Double Cash Back,"$2,323.72 ",,,,,
Capital One Checking,3/25/2020,PAYMENT - Thank You,Discover It Credit Card,$197.31 ,,,,,
Citi Double Cash Back,3/26/2020,WEIS MArkets,Groceries,$34.94 ,,,,,
Amazon Store Card,3/27/2020,AMAZON MARKETPLACE,Electronics,$20.62 ,,,,,
Citi Double Cash Back,3/28/2020,AZAZIE Inc,Clothing,$136.09 ,,,,,
Capital One Savor,3/28/2020,Lark Brown Liquors,Alcohol/Bars,$22.87 ,,,,,
Capital One Savor,3/28/2020,Mee Shane Restaurant,Delivery/ Carry-Out,$26.00 ,,,,,
Amazon Store Card,3/29/2020,AMAZON MARKETPLACE,Clothing,$37.09 ,,,,,
Amazon Store Card,3/29/2020,AMAZON MARKETPLACE,Clothing,$44.50 ,,,,,
Citi Double Cash Back,3/30/2020,USA*D & J ENTERPRISES,Snacks,$0.75 ,,,,,
Capital One Checking,3/30/2020,Royal Farms,Gas,21.51,,,,,
Capital One Savor,3/31/2020,BJ's Restaurant and Brewhouse,Delivery/ Carry-Out,$36.54 ,,,,,
Checking Interest,3/31/2020,Monthly Interest Paid,Capital One Checking,$1.03 ,,,,,
Savings Interest,3/31/2020,Monthly Interest Paid,Capital One Savings,$19.43 ,,,,,
Checking Interest,3/31/2020,DIVIDEND / Dividend,Tower FCU Checking,$0.03 ,,,,,
Savings Interest,3/31/2020,DiVIDEND / Dividend,Tower FCU Savings,$0.02 ,,,,,
Capital One Checking,4/1/2020,BALTIMOREGAS RES,Apartment,$150.85 ,,,,,
TD Bank,4/1/2020,TD ZELLE SENT,Discover Student Loan,$370.00 ,,,,,
Venmo,4/1/2020,Gave Kelly money for Ob's gift,Gifts,$15.00 ,,,,,
Capital One Checking,4/2/2020,PAYMENT - Thank You,BofA Cash Card,$403.74 ,,,,,
Capital One Checking,4/2/2020,GREYSTAR-MDSHEC-,Apartment,"$1,584.72 ",,,,,
Amazon Store Card,4/3/2020,AMAZON DIGITAL,Movie Rentals,$5.99 ,,,,,
Citi Double Cash Back,4/5/2020,INTUIT *TURBOTAX,Personal,$100.00 ,,,,,
Citi Double Cash Back,4/5/2020,Aldi,Groceries,$16.53 ,,,,,
Amazon Store Card,4/6/2020,AMAZON MARKETPLACE,Grooming,$28.49 ,,,,,
CACI,4/7/2020,PAYCHECK,Capital One Checking,"$1,145.00 ",,,,,
CACI,4/7/2020,PAYCHECK,Capital One Checking,"$1,145.00 ",,,,,
CACI,4/7/2020,PAYCHECK,Capital One Savings,$529.32 ,,,,,
CACI,4/7/2020,PAYCHECK,Capital One Savings,"$1,164.29 ",,,,,
CACI,4/7/2020,PAYCHECK,TD Bank,$348.00 ,,,,,
CACI,4/7/2020,PAYCHECK,TD Bank,$350.00 ,,,,,
CACI,4/7/2020,PAYCHECK,Tower FCU Checking,$164.00 ,,,,,
CACI,4/7/2020,PAYCHECK,Tower FCU Checking,$164.00 ,,,,,
CACI,4/7/2020,PAYCHECK,HSA,$83.33 ,,,,,
CACI,4/7/2020,PAYCHECK,401k,$293.66 ,,,,,
CACI,4/7/2020,PAYCHECK,401k - Syd,$370.04 ,,,,,
CACI Contr.,4/7/2020,PAYCHECK,401k,$146.83 ,,,,,
CACI Contr.,4/7/2020,PAYCHECK,401k - Syd,$185.02 ,,,,,
Various Income,4/7/2020,CHRVA Stipend,Capital One Checking,$750.00 ,,,,,
Various Income,4/10/2020,ST. of MARYLAND,Capital One Checking,$299.00 ,,,,,
Chase Sapphire,4/11/2020,BRADLEY IMAGES Inc,Wedding,"$1,995.00 ",,,,,
Citi Double Cash Back,4/11/2020,Dunkin AUTO RELOAD,Coffee Shops,$50.00 ,,,,,
Electronics,4/11/2020,Angela paid me back for TTS,Venmo,$15.00 ,,,,,
Electronics,4/11/2020,Ob paid me back for TTS,Venmo,$15.00 ,,,,,
Chase Sapphire - Syd,4/12/2020,Antrim 1844,Wedding,"$4,574.22 ",,,,,
Various Income,4/13/2020,IRS TREAS 310,Capital One Checking,$472.00 ,,,,,
Capital One Checking,4/13/2020,Transfer,SquareCash,$150.00 ,,,,,
Capital One Checking,4/13/2020,Transfer,SquareCash,$120.00 ,,,,,
SquareCash,4/13/2020,Paid Ward for Groceries,Groceries,$150.00 ,,,,,
SquareCash,4/13/2020,Paid ward for Syds Insurance and Phone,Syds Insurance,$120.00 ,,,,,
Capital One Checking,4/14/2020,Verizon,Verizon,$60.71 ,,,,,
Capital One Savings,4/14/2020,Transfer,Capital One Checking,4100.24,,,,,
Capital One Checking,4/14/2020,transfer,SquareCash,$198.00 ,,,,,
Capital One Checking,4/14/2020,transfer,SquareCash,$33.00 ,,,,,
SquareCash,4/14/2020,Paid Lior for car,Car Payments,$198.00 ,,,,,
SquareCash,4/14/2020,Paid Lior for Phone,Phone Bill,$33.00 ,,,,,
Citi Double Cash Back,4/14/2020,MD MVA Pay ,Maintenance,$187.00 ,,,,,
Citi Double Cash Back,4/14/2020,STEAMGAMES.Com,Electronics,$59.99 ,,,,,
Various Income,4/15/2020,IRS TREAS 310,Capital One Checking,"$1,200.00 ",,,,,
Capital One Checking,4/16/2020,PAYMENT - Thank You,Amazon Store Card,$136.69 ,,,,,
Capital One Checking,4/16/2020,PAYMENT - Thank You,Capital One Savor,$85.42 ,,,,,
Capital One Checking,4/16/2020,PAYMENT - Thank You,Chase Sapphire,"$1,995.00 ",,,,,
Capital One Checking,4/16/2020,PAYMENT - Thank You,Chase Sapphire - Syd,"$4,574.22 ",,,,,
Capital One Checking,4/16/2020,PAYMENT - Thank You,Citi Double Cash Back,$339.06 ,,,,,
Capital One Checking,4/16/2020,PAYMENT - Thank You,Discover It Credit Card,$90.15 ,,,,,
Citi Double Cash Back,4/16/2020,LARK BROWN LIQUOR ELKRIDGE MD,Alcohol/Bars,$42.48 ,,,,,
Citi Double Cash Back,4/16/2020,Spotify USA New York NY,Spotify,$9.99 ,,,,,
Citi Double Cash Back,4/17/2020,UBER EATS,Delivery/ Carry-Out,$41.66 ,,,,,
Citi Double Cash Back,4/20/2020,WEIS MArkets,Groceries,$41.94 ,,,,,
Amazon Store Card,4/21/2020,AMAZON MARKETPLACE,Pharmacy,$19.99 ,,,,,
AMEX Blue Cash,4/21/2020,SAFEWAY,Groceries,$72.72 ,,,,,
Citi Double Cash Back,4/21/2020,ALDI,Groceries,$136.01 ,,,,,
Tower FCU Checking,4/21/2020,Payment to 407841-10L,Tower Fcu Car Loan,$654.16 ,,,,,
CACI,4/22/2020,PAYCHECK,Capital One Checking,"$1,145.00 ",,,,,
CACI,4/22/2020,PAYCHECK,Capital One Checking,"$1,145.00 ",,,,,
CACI,4/22/2020,PAYCHECK,Capital One Savings,$529.32 ,,,,,
CACI,4/22/2020,PAYCHECK,Capital One Savings,"$1,164.29 ",,,,,
CACI,4/22/2020,PAYCHECK,TD Bank,$348.00 ,,,,,
CACI,4/22/2020,PAYCHECK,TD Bank,$350.00 ,,,,,
CACI,4/22/2020,PAYCHECK,Tower FCU Checking,$164.00 ,,,,,
CACI,4/22/2020,PAYCHECK,Tower FCU Checking,$164.00 ,,,,,
CACI,4/22/2020,PAYCHECK,HSA,$83.33 ,,,,,
CACI,4/22/2020,PAYCHECK,401k,$293.66 ,,,,,
CACI,4/22/2020,PAYCHECK,401k - Syd,$370.04 ,,,,,
CACI Contr.,4/22/2020,PAYCHECK,401k,$146.83 ,,,,,
CACI Contr.,4/22/2020,PAYCHECK,401k - Syd,$185.02 ,,,,,
Wedding,4/23/2020,HOTEL AMOR ARENAL - refund,Chase Sapphire,"$2,260.00 ",,,,,
Amazon Store Card,4/26/2020,AMAZON MARKETPLACE,Grooming,$6.72 ,,,,,
Citi Double Cash Back,4/26/2020,SP * DRAWLIFY,Crafts,$49.90 ,,,,,
Citi Double Cash Back,4/28/2020,GENUITEC LLC,Electronics,$28.58 ,,,,,
Activities,4/30/2020,STARRY NIGHT BAKERY - Refund,Citi Double Cash Back,$58.30 ,,,,,
Checking Interest,4/30/2020,Monthly Interest Paid,Capital One Checking,$0.98 ,,,,,
Savings Interest,4/30/2020,Monthly Interest Paid,Capital One Savings,$17.56 ,,,,,
Checking Interest,4/30/2020,DIVIDEND / Dividend,Tower FCU Checking,$0.03 ,,,,,
Amazon Store Card,5/1/2020,AMAZON MARKETPLACE,Nail Salon,$52.17 ,,,,,
TD Bank,5/1/2020,TD ZELLE SENT,Discover Student Loan,$370.00 ,,,,,
Capital One Savor,5/2/2020,2 Bold Chefs,Delivery/ Carry-Out,$46.64 ,,,,,
Amazon Store Card,5/3/2020,AMAZON MARKETPLACE,Electronics,$22.38 ,,,,,
Capital One Checking,5/4/2020,PAYMENT - Thank You,BofA Cash Card,$403.74 ,,,,,
Capital One Savor,5/4/2020,Tropical Smoothie Café,Delivery/ Carry-Out,$10.58 ,,,,,
Capital One Checking,5/4/2020,BALTIMOREGAS RES,Apartment,$105.10 ,,,,,
Capital One Checking,5/4/2020,GREYSTAR-MDSHEC-,Apartment,"$1,585.40 ",,,,,
Amazon Store Card,5/5/2020,AMAZON MARKETPLACE,Grooming,$7.41 ,,,,,
Amazon Store Card,5/5/2020,AMAZON MARKETPLACE,Nail Salon,$10.58 ,,,,,
Capital One Savor,5/5/2020,Taco Bell,Delivery/ Carry-Out,$17.15 ,,,,,
Amazon Store Card,5/6/2020,AMAZON MARKETPLACE,Electronics,$13.77 ,,,,,
CACI,5/7/2020,PAYCHECK,Capital One Checking,"$1,145.00 ",,,,,
CACI,5/7/2020,PAYCHECK,Capital One Checking,"$1,145.00 ",,,,,
CACI,5/7/2020,PAYCHECK,Capital One Savings,$529.32 ,,,,,
CACI,5/7/2020,PAYCHECK,Capital One Savings,"$1,164.28 ",,,,,
CACI,5/7/2020,PAYCHECK,TD Bank,$348.00 ,,,,,
CACI,5/7/2020,PAYCHECK,TD Bank,$350.00 ,,,,,
CACI,5/7/2020,PAYCHECK,Tower FCU Checking,$164.00 ,,,,,
CACI,5/7/2020,PAYCHECK,Tower FCU Checking,$164.00 ,,,,,
CACI,5/7/2020,PAYCHECK,HSA,$83.33 ,,,,,
CACI,5/7/2020,PAYCHECK,401k,$293.66 ,,,,,
CACI,5/7/2020,PAYCHECK,401k - Syd,$370.04 ,,,,,
CACI Contr.,5/7/2020,PAYCHECK,401k,$146.83 ,,,,,
CACI Contr.,5/7/2020,PAYCHECK,401k - Syd,$185.02 ,,,,,
Amazon Store Card,5/8/2020,AMAZON MARKETPLACE,Electronics,$10.59 ,,,,,
Citi Double Cash Back,5/8/2020,Aldi,Groceries,$160.15 ,,,,,
AMEX Blue Cash,5/9/2020,WEIS MArkets,Groceries,$23.18 ,,,,,
Amazon Store Card,5/10/2020,AMAZON PAYMENTS AMZ*Monoprice,Electronics,$21.47 ,,,,,
Capital One Checking,5/12/2020,Transfer,SquareCash,$120.00 ,,,,,
Capital One Checking,5/12/2020,Transfer,SquareCash,$33.00 ,,,,,
Capital One Checking,5/12/2020,Transfer,SquareCash,$198.00 ,,,,,
SquareCash,5/12/2020,Paid Lior for Car,Car Payments,$198.00 ,,,,,
SquareCash,5/12/2020,Paid Lior for Phone,Phone Bill,$33.00 ,,,,,
SquareCash,5/12/2020,Paid ward for Syds Insurance and Phone,Syds Insurance,$120.00 ,,,,,
AMEX Blue Cash,5/13/2020,PEAPOD,Groceries,$102.80 ,,,,,
Capital One Checking,5/14/2020,PAYMENT - Thank You,Amazon Store Card,$165.08 ,,,,,
Capital One Checking,5/14/2020,PAYMENT - Thank You,AMEX Blue Cash,$95.90 ,,,,,
Capital One Checking,5/14/2020,PAYMENT - Thank You,Capital One Savor,$74.37 ,,,,,
Capital One Checking,5/14/2020,PAYMENT - Thank You,Citi Double Cash Back,$699.40 ,,,,,
Capital One Checking,5/14/2020,Royal Farms,Gas,$19.23 ,,,,,
Capital One Checking,5/14/2020,Verizon,Verizon,$60.71 ,,,,,
Citi Double Cash Back,5/16/2020,Spotify USA New York NY,Spotify,$9.99 ,,,,,
Amazon Store Card,5/17/2020,AMAZON MARKETPLACE,Pharmacy,$25.40 ,,,,,
Amazon Store Card,5/17/2020,AMAZON MARKETPLACE,Nutritional Items,$9.99 ,,,,,
Citi Double Cash Back,5/18/2020,LAUREL FOOT AND ANKLE LAUREL,Nutritional Items,$150.00 ,,,,,
Citi Double Cash Back,5/18/2020,LAUREL FOOT AND ANKLE LAUREL,Doctor Visit,$44.72 ,,,,,
TD Bank,5/18/2020,Transfer,Tower FCU Checking,"$1,022.14 ",,,,,
Nutritional items,5/19/2020,Dad paid me for getting Tocyln for mom,SquareCash,$80.00 ,,,,,
AMEX Blue Cash,5/20/2020,ALDI,Groceries,$140.39 ,,,,,
Electronics,5/21/2020,AMAZON MARKETPLACE - refund,Amazon Store Card,$21.47 ,,,,,
Tower FCU Checking,5/21/2020,Payment to 407841-10L,Tower Fcu Car Loan,$654.16 ,,,,,
CACI,5/22/2020,PAYCHECK,Capital One Checking,"$1,145.00 ",,,,,
CACI,5/22/2020,PAYCHECK,Capital One Checking,"$1,145.00 ",,,,,
CACI,5/22/2020,PAYCHECK,Capital One Savings,$529.32 ,,,,,
CACI,5/22/2020,PAYCHECK,Capital One Savings,"$1,164.29 ",,,,,
CACI,5/22/2020,PAYCHECK,TD Bank,$348.00 ,,,,,
CACI,5/22/2020,PAYCHECK,TD Bank,$350.00 ,,,,,
CACI,5/22/2020,PAYCHECK,Tower FCU Checking,$164.00 ,,,,,
CACI,5/22/2020,PAYCHECK,Tower FCU Checking,$164.00 ,,,,,
CACI,5/22/2020,PAYCHECK,HSA,$83.33 ,,,,,
CACI,5/22/2020,PAYCHECK,401k,$293.66 ,,,,,
CACI,5/22/2020,PAYCHECK,401k - Syd,$370.04 ,,,,,
CACI Contr.,5/22/2020,PAYCHECK,401k,$146.83 ,,,,,
CACI Contr.,5/22/2020,PAYCHECK,401k - Syd,$185.02 ,,,,,
Citi Double Cash Back,5/22/2020,NESPRESSO USA 888-637-7737 NY,Groceries,$91.00 ,,,,,
AMEX Blue Cash,5/23/2020,WEIS MArkets,Groceries,$49.84 ,,,,,
Capital One Savor,5/26/2020,Chipotle,Delivery/ Carry-Out,$19.35 ,,,,,
Capital One Checking,5/26/2020,Royal Farms,Gas,$13.77 ,,,,,
Tower FCU Checking,5/26/2020,Payment to 407841-10L,Tower Fcu Car Loan,"$1,022.14 ",,,,,
AMEX Blue Cash,5/28/2020,WEIS MArkets,Groceries,$48.23 ,,,,,
Citi Double Cash Back,5/28/2020,USA*D & J ENTERPRISES HUGHESVILLE MD,Snacks,$0.75 ,,,,,
Capital One Checking,5/29/2020,PAYMENT - Thank You,Amazon Store Card,$13.92 ,,,,,
Capital One Checking,5/29/2020,PAYMENT - Thank You,AMEX Blue Cash,$293.03 ,,,,,
Capital One Checking,5/29/2020,PAYMENT - Thank You,Capital One Savor,$19.53 ,,,,,
Capital One Checking,5/29/2020,PAYMENT - Thank You,Citi Double Cash Back,$204.71 ,,,,,
TD Bank,5/29/2020,Transfer,Tower FCU Checking,"$1,022.14 ",,,,,
Citi Double Cash Back,5/29/2020,USA*D & J ENTERPRISES HUGHESVILLE MD,Snacks,$0.75 ,,,,,
Tower FCU Checking,5/30/2020,Payment to 407841-10L,Tower Fcu Car Loan,"$1,022.14 ",,,,,
Amazon Store Card,5/31/2020,AMAZON RETAIL   WA Cascade Complete ActionPacs,Apartment Stuff,$7.40 ,,,,,
Checking Interest,5/31/2020,Monthly Interest Paid,Capital One cHecking,$0.94 ,,,,,
Savings Interest,5/31/2020,Monthly Interest Paid,Capital One Savings,$18.86 ,,,,,
Amazon Store Card,6/1/2020,AMAZON RETAIL WA Angel Soft Toilet Paper,Apartment Stuff,$29.87 ,,,,,
Amazon Store Card,6/1/2020,AMAZON Chrome Pro Battery YTX9-BS Hig ,Maintenance,$40.17 ,,,,,
Capital One Checking,6/1/2020,BALTIMOREGAS RES,Apartment,$114.03 ,,,,,
TD Bank,6/1/2020,TD ZeLLE SENT,Discover Student Loan,$370.00 ,,,,,
AMEX Blue Cash,6/2/2020,ALDI,Groceries,$142.37 ,,,,,
Capital One Checking,6/2/2020,PAYMENT - Thank You,BofA Cash Card,$403.75 ,,,,,
Capital One Checking,6/2/2020,GREYSTAR-MDSHEC-,Apartment,"$1,585.91 ",,,,,
Citi Double Cash Back,6/3/2020,USA*D & J ENTERPRISES HUGHESVILLE MD,Snacks,$0.75 ,,,,,
AMEX Blue Cash,6/4/2020,WEIS MArkets,Groceries,$53.06 ,,,,,
Citi Double Cash Back,6/4/2020,MICHAELS STORES 2787 COLUMBIA MD,Crafts,$28.37 ,,,,,
Citi Double Cash Back,6/4/2020,USA*D & J ENTERPRISES HUGHESVILLE MD,Snacks,$0.75 ,,,,,
Capital One Checking,6/4/2020,Royal Farms,Gas,$19.62 ,,,,,
Amazon Store Card,6/5/2020,AMAZON RETAIL  NOCO Genius ,Maintenance,$52.95 ,,,,,
Amazon Store Card,6/5/2020,AMAZON ChiaoGoo Red Lace Circular 60,Crafts,$15.33 ,,,,,
Citi Double Cash Back,6/5/2020,USA*D & J ENTERPRISES HUGHESVILLE MD,Snacks,$0.75 ,,,,,
CACI,6/5/2020,PAYCHECK,Capital One Checking,"$1,145.00 ",,,,,
CACI,6/5/2020,PAYCHECK,Capital One Checking,"$1,145.00 ",,,,,
CACI,6/5/2020,PAYCHECK,Capital One Savings,$529.31 ,,,,,
CACI,6/5/2020,PAYCHECK,Capital One Savings,"$1,234.26 ",,,,,
CACI,6/5/2020,PAYCHECK,TD Bank,$348.00 ,,,,,
CACI,6/5/2020,PAYCHECK,TD Bank,$350.00 ,,,,,
CACI,6/5/2020,PAYCHECK,Tower FCU Checking,$164.00 ,,,,,
CACI,6/5/2020,PAYCHECK,Tower FCU Checking,$164.00 ,,,,,
CACI,6/5/2020,PAYCHECK,HSA,$83.33 ,,,,,
CACI,6/5/2020,PAYCHECK,401k,$293.66 ,,,,,
CACI,6/5/2020,PAYCHECK,401k - Syd,$370.04 ,,,,,
CACI Contr.,6/5/2020,PAYCHECK,401k,$146.83 ,,,,,
CACI Contr.,6/5/2020,PAYCHECK,401k - Syd,$185.02 ,,,,,
AMEX Blue Cash,6/6/2020,WEIS MArkets,Groceries,$2.12 ,,,,,
Citi Double Cash Back,6/7/2020,LARK BROWN LIQUOR ELKRIDGE MD,Alcohol/Bars,$19.61 ,,,,,
Citi Double Cash Back,6/7/2020,LOWES #02244* ELKRIDGE MD,Volleyball,$19.02 ,,,,,
Capital One Savor,6/8/2020,Chipotle,Delivery/ Carry-Out,$16.96 ,,,,,
Amazon Store Card,6/9/2020,AMAZON  DUBERY Mens Sport Polarized ,Volleyball,$21.19 ,,,,,
Citi Double Cash Back,6/9/2020,CVS/PHARMACY #01909 ELKRIDGE,Pharmacy,$36.71 ,,,,,
Citi Double Cash Back,6/9/2020,THE UPS STORE #6741 COLUMBIA MD,Doctor Visit,$10.73 ,,,,,
Capital One Savor,6/9/2020,Dumser's Dairyland,Delivery/ Carry-Out,$9.87 ,,,,,
Citi Double Cash Back,6/10/2020,USA*D & J ENTERPRISES HUGHESVILLE MD,Snacks,$0.75 ,,,,,
Capital One Checking,6/10/2020,Royal Farms,Gas,$19.48 ,,,,,
AMEX Blue Cash,6/11/2020,WEIS MArkets,Groceries,$63.84 ,,,,,
Citi Double Cash Back,6/12/2020,USA*D & J ENTERPRISES HUGHESVILLE MD,Snacks,$0.75 ,,,,,
Citi Double Cash Back,6/14/2020,ADIDAS US ONLINE STORE 800-9829337 OR,Clothing,$53.00 ,,,,,
Amazon Store Card,6/15/2020,AMAZON RETAIL AmazonBasics USB 3.0 ,Electronics,$12.18 ,,,,,
Amazon Store Card,6/16/2020,AMAZON RETAIL AmazonBasics High-Speed Male ,Electronics,$7.95 ,,,,,
Amazon Store Card,6/16/2020,AMAZON RETAIL Tourna Pickleball Deluxe Caddy,Gifts,$31.33 ,,,,,
Citi Double Cash Back,6/16/2020,Spotify USA New York NY,Spotify,$9.99 ,,,,,
Capital One Savor,6/16/2020,PASTA BLITZ,Delivery/ Carry-Out,$29.62 ,,,,,
Capital One Checking,6/16/2020,Royal Farms,Gas,$5.25 ,,,,,
Capital One Checking,6/16/2020,Royal Farms,Gas,$8.90 ,,,,,
Capital One Checking,6/16/2020,Verizon,Verizon,$60.71 ,,,,,
AMEX Blue Cash,6/17/2020,ALDI,Groceries,$151.15 ,,,,,
Venmo,6/17/2020,Piad Stephanie for ball,Volleyball,$50.00 ,,,,,
Concerts/clubs,6/18/2020,Tickermaster - refund,Capital One Savor,$287.00 ,,,,,
Capital One Savor,6/18/2020,Chick-fil-A,Delivery/ Carry-Out,$25.20 ,,,,,
Capital One Savor,6/19/2020,Nooodles & Company,Delivery/ Carry-Out,$17.49 ,,,,,
Capital One Checking,6/19/2020,Transfer,SquareCash,$120.00 ,,,,,
Capital One Checking,6/19/2020,Transfer,SquareCash,$198.00 ,,,,,
SquareCash,6/19/2020,Paid Ward for Syds Insurance and Phone,Syds Insurance,$120.00 ,,,,,
SquareCash,6/19/2020,Paid Lior for Car,Car Payments,$198.00 ,,,,,
SquareCash,6/19/2020,Paid Lior for phone,Phone Bill,$33.00 ,,,,,
Citi Double Cash Back,6/19/2020,E-ZPASS MD REBILL,Tolls/EZ-Pass,$25.00 ,,,,,
Citi Double Cash Back,6/19/2020,USA*D & J ENTERPRISES HUGHESVILLE MD,Snacks,$0.75 ,,,,,
Amazon Store Card,6/20/2020,AMAZON MARKETPLACE,Gifts,$30.31 ,,,,,
Citi Double Cash Back,6/22/2020,QUIP NYC INC,Pharmacy,$5.00 ,,,,,
Citi Double Cash Back,6/22/2020,QUIP NYC INC,Pharmacy,$10.00 ,,,,,
CACI,6/22/2020,PAYCHECK,Capital One Checking,"$1,145.00 ",,,,,
CACI,6/22/2020,PAYCHECK,Capital One Checking,"$1,145.00 ",,,,,
CACI,6/22/2020,PAYCHECK,Capital One Savings,$529.33 ,,,,,
CACI,6/22/2020,PAYCHECK,Capital One Savings,"$1,234.26 ",,,,,
CACI,6/22/2020,PAYCHECK,TD Bank,$348.00 ,,,,,
CACI,6/22/2020,PAYCHECK,TD Bank,$350.00 ,,,,,
CACI,6/22/2020,PAYCHECK,Tower FCU Checking,$164.00 ,,,,,
CACI,6/22/2020,PAYCHECK,Tower FCU Checking,$164.00 ,,,,,
CACI,6/22/2020,PAYCHECK,HSA,$83.33 ,,,,,
CACI,6/22/2020,PAYCHECK,401k,$293.66 ,,,,,
CACI,6/22/2020,PAYCHECK,401k - Syd,$370.04 ,,,,,
CACI Contr.,6/22/2020,PAYCHECK,401k,$146.83 ,,,,,
CACI Contr.,6/22/2020,PAYCHECK,401k - Syd,$185.02 ,,,,,
Tower FCU Checking,6/22/2020,Payment to 407841-10L,Tower FCU Car Loan,$654.16 ,,,,,
Capital One Checking,6/23/2020,PAYMENT - Thank You,Amazon Store Card,$218.37 ,,,,,
Amazon Store Card,6/23/2020,AMZN CON PRIME NOW,Groceries,$38.44 ,,,,,
AMEX Blue Cash,6/23/2020,ALDI,Groceries,$11.75 ,,,,,
Capital One Checking,6/23/2020,PAYMENT - Thank You,Amex Blue Cash,$309.62 ,,,,,
Capital One Checking,6/23/2020,PAYMENT - Thank You,Citi Double Cash Back,$273.68 ,,,,,
Capital One Checking,6/23/2020,Royal Farms,Gas,$23.44 ,,,,,
TD Bank,6/24/2020,Transfer,Tower FCU Checking,"$1,022.14 ",,,,,
Citi Double Cash Back,6/24/2020,USA*D & J ENTERPRISES HUGHESVILLE MD,Snacks,$0.75 ,,,,,
Amazon Store Card,6/25/2020,AMZN CON PRIME NOW,Groceries,$5.00 ,,,,,
Citi Double Cash Back,6/25/2020,USA*D & J ENTERPRISES HUGHESVILLE MD,Snacks,$0.75 ,,,,,
Citi Double Cash Back,6/25/2020,USA*D & J ENTERPRISES HUGHESVILLE MD,Snacks,$0.75 ,,,,,
Citi Double Cash Back,6/27/2020,E-ZPASS MD REBILL,Tolls/EZ-Pass,$25.00 ,,,,,
Citi Double Cash Back,6/28/2020,CONOCO - Cedarhurst,Gas,$26.31 ,,,,,
Venmo,6/28/2020,ECV (Ayal & Syd),Volleyball,$70.00 ,,,,,
Volleyball,6/28/2020,Stephanie bought vball long sleeve,Venmo,$15.00 ,,,,,
Amazon Store Card,6/29/2020,AMAZON MARKETPLACE,Grooming,$8.26 ,,,,,
Citi Double Cash Back,6/29/2020,E-ZPASS MD REBILL,Tolls/EZ-Pass,$25.00 ,,,,,
Capital One Savor,6/29/2020,WAWA,Volleyball,$9.41 ,,,,,
Capital One Savor,6/29/2020,Dunkin Donuts,Volleyball,$7.38 ,,,,,
Tower FCU Checking,6/30/2020,Payment to 407841-10L,Tower Fcu Car Loan,"$1,022.14 ",,,,,
Capital One Savor,6/30/2020,KFC,Delivery/ Carry-Out,$16.72 ,,,,,
Capital One Checking,6/30/2020,Royal Farms,Gas,$10.06 ,,,,,
Capital One Checking,6/30/2020,Royal Farms,Gas,$22.42 ,,,,,
Checking Interest,6/30/2020,Monthly Interest Paid,Capital One Checking,$0.64 ,,,,,
Savings Interest,6/30/2020,Monthly Interest Paid,Capital One Savings,$19.70 ,,,,,
Checking Interest,6/30/2020,DIVIDEND / Dividend,Tower FCU Checking,$0.02 ,,,,,
Checking Interest,6/30/2020,DIVIDEND / Dividend,Tower FCU Checking,$0.04 ,,,,,
AMEX Blue Cash,7/1/2020,WEIS Markets,Groceries,$55.20 ,,,,,
Citi Double Cash Back,7/1/2020,E-ZPASS MD REBILL,Tolls/EZ-Pass,$25.00 ,,,,,
TD Bank,7/1/2020,TD ZeLLE SENT,Discover Student Loan,$370.00 ,,,,,
Capital One Savor,7/1/2020,Nalley Fresh,Delivery/ Carry-Out,$10.34 ,,,,,
BofA Cash Card,7/2/2020,VRBO RDD,Activities,$750.00 ,,,,,
BofA Cash Card,7/2/2020,VRBO HA6WPDTR,Activities,"$5,527.31 ",,,,,
BofA Cash Card,7/2/2020,CSA-GGA-Damage,Activities,$339.92 ,,,,,
Capital One Checking,7/2/2020,GREYSTAR-MDSHEC-,Apartment,"$1,586.13 ",,,,,
AMEX Blue Cash,7/3/2020,WEIS Markets,Groceries,$27.08 ,,,,,
Citi Double Cash Back,7/3/2020,MICHAELS STORES 2787 COLUMBIA MD,Crafts,$13.88 ,,,,,
Citi Double Cash Back,7/3/2020,LARK BROWN LIQUOR ELKRIDGE MD,Alcohol/Bars,$20.69 ,,,,,
Wedding,7/3/2020,PTISKY Arenal,Capital One Savor,$174.72 ,,,,,
Capital One Checking,7/3/2020,ATM Withdrawal,Wedding,$60.00 ,,,,,
Capital One Savor,7/4/2020,Great Wall Restaurant,Delivery/ Carry-Out,$45.00 ,,,,,
Citi Double Cash Back,7/5/2020,DUNKIN' AUTO RELOAD,Coffee Shops,$50.00 ,,,,,
Venmo,7/5/2020,ECV (Ayal & Jared),Volleyball,$100.00 ,,,,,
Venmo,7/5/2020,ECV (Syd and Ob),Volleyball,$70.00 ,,,,,
Volleyball,7/5/2020,Josh paid us for getting 3rd,Venmo,$250.00 ,,,,,
Venmo,7/5/2020,Paid jared his cut of the winnings,Volleyball,$75.00 ,,,,,
Venmo,7/5/2020,Paid Nader for ECV,Volleyball,$50.00 ,,,,,
Amazon Store Card,7/6/2020,AMAZON MARKETPLACE,Electronics,$54.86 ,,,,,
Capital One Savor,7/6/2020,Chipotle,Delivery/ Carry-Out,$28.57 ,,,,,
Capital One Checking,7/6/2020,BALTIMOREGAS RES,Apartment,$108.78 ,,,,,
CACI,7/7/2020,PAYCHECK,Capital One Checking,"$1,145.00 ",,,,,
CACI,7/7/2020,PAYCHECK,Capital One Checking,"$1,145.00 ",,,,,
CACI,7/7/2020,PAYCHECK,Capital One Savings,$529.31 ,,,,,
CACI,7/7/2020,PAYCHECK,Capital One Savings,"$1,234.25 ",,,,,
CACI,7/7/2020,PAYCHECK,TD Bank,$350.00 ,,,,,
CACI,7/7/2020,PAYCHECK,TD Bank,$348.00 ,,,,,
CACI,7/7/2020,PAYCHECK,Tower FCU Checking,$164.00 ,,,,,
CACI,7/7/2020,PAYCHECK,Tower FCU Checking,$164.00 ,,,,,
CACI,7/7/2020,PAYCHECK,HSA,$83.33 ,,,,,
CACI,7/7/2020,PAYCHECK,401k,$293.66 ,,,,,
CACI,7/7/2020,PAYCHECK,401k - Syd,$370.04 ,,,,,
CACI Contr.,7/7/2020,PAYCHECK,401k,$146.83 ,,,,,
CACI Contr.,7/7/2020,PAYCHECK,401k - Syd,$185.02 ,,,,,
AMEX Blue Cash,7/8/2020,Aldi,Groceries,$125.64 ,,,,,
Citi Double Cash Back,7/8/2020,Kings Contrivance,Wedding,$296.80 ,,,,,
Capital One Savor,7/9/2020,Pasta BLITZ,Delivery/ Carry-Out,$30.69 ,,,,,
Capital One Checking,7/9/2020,Royal Farms,Gas,$21.97 ,,,,,
Amazon Store Card,7/11/2020,AMAZON MARKETPLACE,Wedding,$34.97 ,,,,,
Capital One Checking,7/14/2020,PAYMENT - Thank You,Amazon Store Card,$136.87 ,,,,,
Capital One Checking,7/14/2020,PAYMENT - Thank You,AMEX Blue Cash,$370.82 ,,,,,
Capital One Checking,7/14/2020,PAYMENT - Thank You,BofA Cash Card,"$6,617.23 ",,,,,
Capital One Checking,7/14/2020,PAYMENT - Thank You,Citi Double Cash Back,$525.68 ,,,,,
Citi Double Cash Back,7/14/2020,Target Columbia MD,Gifts,$98.09 ,,,,,
Citi Double Cash Back,7/14/2020,TWIST SALON AND BARBER,Grooming,$70.00 ,,,,,
Capital One Checking,7/14/2020,Verizon,Verizon,$60.71 ,,,,,
TD Bank,7/15/2020,Transfer,Tower FCU Checking,"$1,022.14 ",,,,,
Citi Double Cash Back,7/15/2020,Spotify USA New York NY,Spotify,$12.99 ,,,,,
Capital One Checking,7/15/2020,Transfer,TD Bank,$114.00 ,,,,,
Capital One Savor,7/15/2020,Nooodles & Company,Delivery/ Carry-Out,$20.94 ,,,,,
Capital One Savor,7/15/2020,LARK BROWN LIQUOR ELKRIDGE MD,Alcohol/Bars,$26.14 ,,,,,
CACI Contr.,7/16/2020,PAYCHECK,HSA,$300.00 ,,,,,
AMEX Blue Cash,7/16/2020,WEIS Markets,Groceries,$39.72 ,,,,,
Gifts,7/16/2020,Ken paid me back for John & Hayley's gifts,SquareCash,$33.00 ,,,,,
Amazon Store Card,7/17/2020,AMAZON MARKETPLACE,Pharmacy,$54.21 ,,,,,
Tower FCU Checking,7/20/2020,Payment to 407841-10L,Tower FCU Car Loan,"$1,022.14 ",,,,,
Capital One Savor,7/20/2020,Dominoes Pizza,Delivery/ Carry-Out,$17.82 ,,,,,
Capital One Savor,7/20/2020,VIVI BUBBLE TEA,Delivery/ Carry-Out,$9.81 ,,,,,
Amazon Store Card,7/21/2020,AMAZON MARKETPLACE,Crafts,$12.18 ,,,,,
Tower FCU Checking,7/21/2020,Payment to 407841-10L,Tower FCU Car Loan,$654.16 ,,,,,
CACI,7/22/2020,PAYCHECK,Capital One Checking,"$1,145.00 ",,,,,
CACI,7/22/2020,PAYCHECK,Capital One Checking,"$1,145.00 ",,,,,
CACI,7/22/2020,PAYCHECK,Capital One Savings,$582.34 ,,,,,
CACI,7/22/2020,PAYCHECK,Capital One Savings,"$1,235.37 ",,,,,
CACI,7/22/2020,PAYCHECK,TD Bank,$348.00 ,,,,,
CACI,7/22/2020,PAYCHECK,TD Bank,$350.00 ,,,,,
CACI,7/22/2020,PAYCHECK,Tower FCU Checking,$164.00 ,,,,,
CACI,7/22/2020,PAYCHECK,Tower FCU Checking,$164.00 ,,,,,
CACI,7/22/2020,PAYCHECK,401k,$293.66 ,,,,,
CACI,7/22/2020,PAYCHECK,401k - Syd,$370.04 ,,,,,
CACI Contr.,7/22/2020,PAYCHECK,401k,$146.83 ,,,,,
CACI Contr.,7/22/2020,PAYCHECK,401k - Syd,$185.02 ,,,,,
Amazon Store Card,7/23/2020,AMAZON MARKETPLACE,Electronics,$26.92 ,,,,,
AMEX Blue Cash,7/23/2020,WEIS Markets,Groceries,$24.57 ,,,,,
Amazon Store Card,7/24/2020,AMAZON MARKETPLACE,Clothing,$31.79 ,,,,,
Amazon Store Card,7/24/2020,AMAZON MARKETPLACE,Clothing,$95.39 ,,,,,
AMEX Blue Cash,7/25/2020,ALDI,Groceries,$156.11 ,,,,,
Crafts,7/25/2020,Statement Credit for Drawlify,Citi Double Cash Back,$49.90 ,,,,,
Citi Double Cash Back,7/25/2020,APPLE.COM/BILL,Electronics,$5.99 ,,,,,
Amazon Store Card,7/27/2020,AMAZON MARKETPLACE,Clothing,$42.39 ,,,,,
Amazon Store Card,7/27/2020,AMAZON MARKETPLACE,Pharmacy,$6.72 ,,,,,
Capital One Checking,7/27/2020,Royal Farms,Gas,$10.89 ,,,,,
Citi Double Cash Back,7/29/2020,PAYPAL *STAMPMARKET,Gifts,$20.66 ,,,,,
Various Income,7/29/2020,Federal Tax Return IRS TREAS 310,Capital One Checking,$386.72 ,,,,,
Capital One Checking,7/30/2020,Royal Farms,Gas,$23.91 ,,,,,
Amazon Store Card,7/31/2020,AMAZON MARKETPLACE,Clothing,$16.96 ,,,,,
AMEX Blue Cash,7/31/2020,ALDI,Groceries,$86.85 ,,,,,
Checking Interest,7/31/2020,DIVIDEND / Dividend,Tower FCU Checking,$0.03 ,,,,,
Checking Interest,7/31/2020,Monthly Interest Paid,Capital One Checking,$0.42 ,,,,,
Savings Interest,7/31/2020,Monthly Interest Paid,Capital One Savings,$21.84 ,,,,,
SquareCash,7/31/2020,"Late payment made 8/14, Syds insurance",Syds Insurance,$120.00 ,,,,,
SquareCash,7/31/2020,"Late payment made 8/14, Phone Bill",Phone Bill,$33.00 ,,,,,
SquareCash,7/31/2020,"Late payment made 8/14, Car Payments",Car Payments,$198.00 ,,,,,
Capital One Savor,8/1/2020,LARK BROWN LIQUOR ELKRIDGE MD,Alcohol/Bars,$39.22 ,,,,,
Citi Double Cash Back,8/2/2020,APPLE.COM/BILL,Electronics,$2.99 ,,,,,
TD Bank,8/3/2020,Discover Student Loan (Edo),Discover Student Loan,$370.00 ,,,,,
Capital One Checking,8/3/2020,BALTIMOREGAS RES,Apartment,$132.75 ,,,,,
Capital One Checking,8/3/2020,GREYSTAR-MDSHEC-,Apartment,"$1,585.77 ",,,,,
Capital One Checking,8/4/2020,Royal Farms,Gas,$47.43 ,,,,,
Citi Double Cash Back,8/5/2020,IN *ATEIRA'S ON FIRST,Wedding,$408.70 ,,,,,
Citi Double Cash Back,8/6/2020,STATE HIGHWAY ADMIN,Tickets/Fines,$82.00 ,,,,,
Citi Double Cash Back,8/7/2020,SPEEDWAY,Gas,$52.56 ,,,,,
Capital One Savor,8/7/2020,Long Pour,Delivery/ Carry-Out,$9.01 ,,,,,
Capital One Savor,8/7/2020,Sumo Sushi and Japanese Fusion,Delivery/ Carry-Out,$100.00 ,,,,,
CACI,8/7/2020,PAYCHECK,Capital One Checking,"$1,145.00 ",,,,,
CACI,8/7/2020,PAYCHECK,Capital One Checking,"$1,145.00 ",,,,,
CACI,8/7/2020,PAYCHECK,Capital One Savings,$582.33 ,,,,,
CACI,8/7/2020,PAYCHECK,Capital One Savings,"$1,235.38 ",,,,,
CACI,8/7/2020,PAYCHECK,TD Bank,$348.00 ,,,,,
CACI,8/7/2020,PAYCHECK,TD Bank,$350.00 ,,,,,
CACI,8/7/2020,PAYCHECK,Tower FCU Checking,$164.00 ,,,,,
CACI,8/7/2020,PAYCHECK,Tower FCU Checking,$164.00 ,,,,,
CACI,8/7/2020,PAYCHECK,401k,$293.66 ,,,,,
CACI,8/7/2020,PAYCHECK,401k - Syd,$370.04 ,,,,,
CACI Contr.,8/7/2020,PAYCHECK,401k,$146.83 ,,,,,
CACI Contr.,8/7/2020,PAYCHECK,401k - Syd,$185.02 ,,,,,
BofA Cash Card,8/8/2020,ALLENTOWN PARK HOTELPA ALLENTOWN PA,Volleyball,$247.50 ,,,,,
Citi Double Cash Back,8/8/2020,WAWA 266 ALLENTOWN PA,Volleyball,$17.17 ,,,,,
Capital One Savor,8/8/2020,Radical Wine Company,Alcohol/Bars,$23.00 ,,,,,
Capital One Savor,8/8/2020,Radical Wine Company,Alcohol/Bars,$20.00 ,,,,,
Capital One Savor,8/8/2020,Radical Wine Company,Alcohol/Bars,$14.95 ,,,,,
Capital One Savor,8/8/2020,Cactus Blue,Delivery/ Carry-Out,$13.00 ,,,,,
Capital One Savor,8/8/2020,Cactus Blue,Delivery/ Carry-Out,$7.00 ,,,,,
Capital One Savor,8/8/2020,SHANKWEILERS DRIVE-IN,Activities,$20.00 ,,,,,
Capital One Savor,8/8/2020,SHANKWEILERS DRIVE-IN,Snacks,$7.37 ,,,,,
Citi Double Cash Back,8/9/2020,WAWA 266 ALLENTOWN PA,Volleyball,$24.84 ,,,,,
Venmo,8/9/2020,Paid Ob for quads,Volleyball,$69.99 ,,,,,
Capital One Savor,8/10/2020,Sunset Grille,Dining Out,$60.00 ,,,,,
Capital One Savor,8/10/2020,McDonald's,Delivery/ Carry-Out,$11.33 ,,,,,
Citi Double Cash Back,8/11/2020,PARKING PROGRAM DOVER DE,Volleyball,$8.00 ,,,,,
Citi Double Cash Back,8/11/2020,WAWA 547 ELKTON,Volleyball,$19.48 ,,,,,
Citi Double Cash Back,8/12/2020,THE TIRE RACK ,Maintenance,$664.64 ,,,,,
Citi Double Cash Back,8/12/2020,E-ZPASS MD REBILL,Tolls/EZ-Pass,$25.00 ,,,,,
Activities,8/12/2020,Ward paid me back for his share,SquareCash,$972.25 ,,,,,
Activities,8/12/2020,Ward paid me back for Justin's Share,SquareCash,"$1,365.37 ",,,,,
Capital One Checking,8/13/2020,PAYMENT - Thank You,AMEX Blue Cash,$307.25 ,,,,,
AMEX Blue Cash,8/13/2020,WEIS Markets,Groceries,$90.00 ,,,,,
Citi Double Cash Back,8/13/2020,LARK BROWN LIQUOR ELKRIDGE MD,Alcohol/Bars,$14.16 ,,,,,
Capital One Checking,8/14/2020,Verizon,Verizon,$60.71 ,,,,,
SquareCash,8/14/2020,Transfer,Capital One Checking,"$2,426.37 ",,,,,
Capital One Checking,8/14/2020,Transfer,SquareCash,$120.00 ,,,,,
Capital One Checking,8/14/2020,Transfer,SquareCash,$120.00 ,,,,,
Capital One Checking,8/14/2020,Transfer,SquareCash,$462.00 ,,,,,
SquareCash,8/14/2020,Paid Ward for Syds Insurance and Phone,Syds Insurance,$120.00 ,,,,,
SquareCash,8/14/2020,Paid Lior for phone,Phone Bill,$33.00 ,,,,,
SquareCash,8/14/2020,Paid Lior for Car,Car Payments,$198.00 ,,,,,
Citi Double Cash Back,8/15/2020,Spotify USA New York NY,Spotify,$12.99 ,,,,,
Venmo,8/15/2020,Paid Matt Hunt for Volleyball,Volleyball,$70.00 ,,,,,
Citi Double Cash Back,8/16/2020,TURKEY HILL #0091 LEMOYNE PA,Volleyball,$8.83 ,,,,,
Citi Double Cash Back,8/16/2020,BP#2091734AVADIS LOQPS LODI NJ,Gas,$16.37 ,,,,,
Citi Double Cash Back,8/16/2020,E-ZPASS MD REBILL 8883216824 MD,Tolls/EZ-Pass,$25.00 ,,,,,
Citi Double Cash Back,8/16/2020,SHEETZ 580 00005801 HARRISBURG PA,Volleyball,$34.25 ,,,,,
Citi Double Cash Back,8/16/2020,DUNKIN' AUTO RELOAD 8004470013 MA,Coffee Shops,$50.00 ,,,,,
AMEX Blue Cash,8/17/2020,Interest charge,Personal,$2.51 ,,,,,
AMEX Blue Cash,8/17/2020,WEIS Markets,Groceries,$26.00 ,,,,,
AMEX Blue Cash,8/17/2020,ALDI,Groceries,$132.94 ,,,,,
Capital one Checking,8/17/2020,Royal Farms,Gas,$24.04 ,,,,,
Capital one Checking,8/17/2020,Transfer,Venmo,$70.00 ,,,,,
Activities,8/17/2020,Mom and Dad paid me back,Capital One Checking,$928.00 ,,,,,
Capital One Checking,8/18/2020,PAYMENT - Thank You,Amazon Store Card,$321.53 ,,,,,
Capital One Checking,8/18/2020,PAYMENT - Thank You,BofA Cash Card,$247.50 ,,,,,
Citi Double Cash Back,8/18/2020,DAKIS PERFORMANCE SERV COLUMBIA MD,Maintenance,$308.50 ,,,,,
Capital One Checking,8/18/2020,PAYMENT - Thank You,Capital One Savor,$185.12 ,,,,,
Capital One Checking,8/18/2020,PAYMENT - Thank You,Citi Double Cash Back,"$1,463.21 ",,,,,
Venmo,8/18/2020,Transfer,Capital One Checking,$442.05 ,,,,,
Capital One Checking,8/18/2020,Royal Farms,Gas,$23.64 ,,,,,
TD Bank,8/19/2020,Transfer,Tower FCU Checking,"$1,022.14 ",,,,,
Citi Double Cash Back,8/19/2020,BAY MIST AUTO WASH INC LAUREL MD,Maintenance,$4.50 ,,,,,
Citi Double Cash Back,8/19/2020,BAY MIST AUTO WASH INC LAUREL MD,Maintenance,$14.00 ,,,,,
Citi Double Cash Back,8/19/2020,BAY MIST AUTO WASH INC LAUREL MD,Maintenance,$14.00 ,,,,,
Tower FCU Checking,8/20/2020,Payment to 407841-10L,Tower FCU Car Loan,"$1,022.14 ",,,,,
Clothing,8/20/2020,AMAZON MARKETPLACE - refund,Amazon Store Card,$42.39 ,,,,,
Clothing,8/20/2020,AMAZON MARKETPLACE - refund,Amazon Store Card,$58.30 ,,,,,
Capital One Savor,8/20/2020,Maiwand Kabob,Delivery/ Carry-Out,$40.00 ,,,,,
Citi Double Cash Back,8/21/2020,USA*D & J ENTERPRISES HUGHESVILLE MD,Snacks,$0.75 ,,,,,
CACI,8/21/2020,PAYCHECK,Capital One Checking,"$1,145.00 ",,,,,
CACI,8/21/2020,PAYCHECK,Capital One Checking,"$1,145.00 ",,,,,
CACI,8/21/2020,PAYCHECK,401k - Syd,$375.60 ,,,,,
CACI Contr.,8/21/2020,PAYCHECK,401k - Syd,$187.80 ,,,,,
CACI,8/21/2020,PAYCHECK,Capital One Savings,$612.27 ,,,,,
CACI,8/21/2020,PAYCHECK,Capital One Savings,"$1,272.60 ",,,,,
CACI,8/21/2020,PAYCHECK,TD Bank,$348.00 ,,,,,
CACI,8/21/2020,PAYCHECK,TD Bank,$350.00 ,,,,,
CACI,8/21/2020,PAYCHECK,Tower FCU Checking,$164.00 ,,,,,
CACI,8/21/2020,PAYCHECK,Tower FCU Checking,$164.00 ,,,,,
CACI,8/21/2020,PAYCHECK,401k,$298.06 ,,,,,
CACI Contr.,8/21/2020,PAYCHECK,401k,$149.03 ,,,,,
Tower FCU Checking,8/21/2020,Payment to 407841-10L,Tower FCU Car Loan,$654.16 ,,,,,
Amazon Store Card,8/22/2020,AMAZON MARKETPLACE,Maintenance,$17.93 ,,,,,
Citi Double Cash Back,8/23/2020,IN *ROUND HILL CAFÉ AN PURCELLVILLE,Coffee Shops,$10.31 ,,,,,
Citi Double Cash Back,8/23/2020,DUNKIN' AUTO RELOAD,Coffee Shops,$50.00 ,,,,,
Activities,8/24/2020,Deposit Refund,BofA Cash Card,$750.00 ,,,,,
Capital One Savor,8/24/2020,McDonald's,Delivery/ Carry-Out,$21.90 ,,,,,
Citi Double Cash Back,8/24/2020,Royal Farms,Gas,$12.46 ,,,,,
Capital One Checking,8/24/2020,Royal Farms,Gas,$41.70 ,,,,,
Capital One Savor,8/25/2020,Pho Dat Thanh,Delivery/ Carry-Out,$47.00 ,,,,,
Citi Double Cash Back,8/25/2020,USA*D & J ENTERPRISES HUGHESVILLE MD,Snacks,$0.75 ,,,,,
Citi Double Cash Back,8/25/2020,MINUTEKEY ELKRIDGE MD,Apartment Stuff,$10.60 ,,,,,
Citi Double Cash Back,8/25/2020,STEAMGAMES.COM,Electronics,$19.99 ,,,,,
Citi Double Cash Back,8/25/2020,STEAMGAMES.COM,Electronics,$19.99 ,,,,,
Activities,8/25/2020,Edo paid me back for Log Cabin,Capital One Checking,"$1,064.69 ",,,,,
BofA Cash Card,8/26/2020,AIRBNB HM5BK93FSW,Volleyball,$122.18 ,,,,,
Citi Double Cash Back,8/26/2020,DAKIS PERFORMANCE SERV COLUMBIA MD,Maintenance,$47.47 ,,,,,
Citi Double Cash Back,8/26/2020,PABC MULTI SPACE 3,Parking,$2.24 ,,,,,
Citi Double Cash Back,8/26/2020,USA*D & J ENTERPRISES HUGHESVILLE MD,Snacks,$0.75 ,,,,,
Capital One Checking,8/26/2020,Royal Farms,Gas,$18.49 ,,,,,
Citi Double Cash Back,8/27/2020,USA*D & J ENTERPRISES HUGHESVILLE MD,Snacks,$0.75 ,,,,,
Citi Double Cash Back,8/28/2020,DEFENDER RAZOR,Grooming,$7.95 ,,,,,
AMEX Blue Cash,8/29/2020,Aldi,Groceries,$65.67 ,,,,,
Volleyball,8/29/2020,AIRBNB HM5BK93FSW,BofA Cash Card,$20.49 ,,,,,
Capital One Checking,8/31/2020,PAYMENT - Thank You,AMEX Blue Cash,$251.45 ,,,,,
Capital One Checking,8/31/2020,PAYMENT - Thank You,Capital One Savor,$108.72 ,,,,,
Capital One Checking,8/31/2020,PAYMENT - Thank You,Citi Double Cash Back,$678.66 ,,,,,
Checking Interest,8/31/2020,Monthly Interest Paid,Capital One Checking,$0.47 ,,,,,
Savings Interest,8/31/2020,Monthly Interest Paid,Capital One Savings,$23.41 ,,,,,
TD Bank,8/31/2020,Paid Tax Return,Personal,$114.00 ,,,,,
Checking Interest,8/31/2020,DIVIDEND / Dividend,Tower FCU Checking,$0.02 ,,,,,
Coffee Shops,8/31/2020,"Angela paid me for ""being annoying""",Venmo,$15.00 ,,,,,
AMEX Blue Cash,9/1/2020,WEIS Markets,Groceries,$57.01 ,,,,,
Capital One Checking,9/1/2020,BALTIMOREGAS RES,Apartment,$111.60 ,,,,,
Chase Sapphire,9/1/2020,Annual Membership Fee,Personal,$95.00 ,,,,,
Chase Sapphire - Syd,9/1/2020,Annual Membership Fee,Personal,$95.00 ,,,,,
Citi Double Cash Back,9/1/2020,Central Service Center Laurel MD,Maintenance,$191.40 ,,,,,
Apple Card,9/1/2020,WISER Apple membership renewal,Electronics,$99.00 ,,,,,
TD Bank,9/1/2020,Discover Student Loan (Edo),Discover Student Loan,$370.00 ,,,,,
Amazon Store Card,9/2/2020,AMAZON MARKETPLACE,Groceries,$43.97 ,,,,,
Capital One Checking,9/2/2020,Royal Farms,Gas,$53.31 ,,,,,
Capital One Checking,9/2/2020,GREYSTAR-MDSHEC-,Apartment,"$1,591.35 ",,,,,
Citi Double Cash Back,9/2/2020,APPLE.COM/BILL,Electronics,$2.99 ,,,,,
Citi Double Cash Back,9/2/2020,USA*D & J ENTERPRISES HUGHESVILLE MD,Snacks,$0.75 ,,,,,
Citi Double Cash Back,9/3/2020,STEAMGAMES.COM,Electronics,$4.99 ,,,,,
Apple Card,9/3/2020,CAVA,Delivery/ Carry-Out,$23.10 ,,,,,
CACI,9/4/2020,PAYCHECK,Capital One Checking,"$1,145.00 ",,,,,
CACI,9/4/2020,PAYCHECK,Capital One Checking,"$1,145.00 ",,,,,
CACI,9/4/2020,PAYCHECK,Capital One Savings,$612.28 ,,,,,
CACI,9/4/2020,PAYCHECK,Capital One Savings,"$1,272.60 ",,,,,
CACI,9/4/2020,PAYCHECK,TD Bank,$348.00 ,,,,,
CACI,9/4/2020,PAYCHECK,TD Bank,$350.00 ,,,,,
CACI,9/4/2020,PAYCHECK,Tower FCU Checking,$164.00 ,,,,,
CACI,9/4/2020,PAYCHECK,Tower FCU Checking,$164.00 ,,,,,
CACI,9/4/2020,PAYCHECK,401k,$293.66 ,,,,,
CACI,9/4/2020,PAYCHECK,401k - Syd,$375.90 ,,,,,
CACI Contr.,9/4/2020,PAYCHECK,401k,$146.83 ,,,,,
CACI Contr.,9/4/2020,PAYCHECK,401k - Syd,$187.80 ,,,,,
Citi Double Cash Back,9/4/2020,USA*D & J ENTERPRISES HUGHESVILLE MD,Snacks,$0.75 ,,,,,
Citi Double Cash Back,9/4/2020,PABC MULTI SPACE 3,Parking,$1.10 ,,,,,
Capital One Savor,9/5/2020,Chipotle,Delivery/ Carry-Out,$15.90 ,,,,,
Apple Card,9/5/2020,WAWA,Gas,$59.52 ,,,,,
Volleyball,9/5/2020,Ob paid me for Vball,Venmo,$40.00 ,,,,,
Apple Card,9/6/2020,PlantShed,Coffee Shops,$10.60 ,,,,,
Apple Card,9/6/2020,Ridgefield Park Liquor,Alcohol/Bars,$29.67 ,,,,,
Venmo,9/6/2020,Paid Kelly for Ob's gift,Gifts,$40.00 ,,,,,
Capital One Savor,9/7/2020,Bogota Gold & Sports Center,Activities,$16.00 ,,,,,
Capital One Savor,9/7/2020,Hummus Elite,Dining Out,$69.60 ,,,,,
Citi Double Cash Back,9/8/2020,E-Zpass MD Rebill,Tolls/EZ-Pass,$45.00 ,,,,,
TD Bank,9/8/2020,Transfer,Tower FCU Checking,"$1,022.14 ",,,,,
Citi Double Cash Back,9/9/2020,USA*D & J ENTERPRISES HUGHESVILLE MD,Snacks,$0.75 ,,,,,
Capital one Checking,9/9/2020,Transfer,SquareCash,$120.00 ,,,,,
Capital one Checking,9/9/2020,Transfer,SquareCash,$198.00 ,,,,,
Capital one Checking,9/9/2020,Transfer,SquareCash,$33.00 ,,,,,
SquareCash,9/9/2020,Paid Ward for Syds Insurance and Phone,Syds Insurance,$120.00 ,,,,,
SquareCash,9/9/2020,Paid Lior for phone,Phone Bill,$33.00 ,,,,,
SquareCash,9/9/2020,Paid Lior for Car,Car Payments,$198.00 ,,,,,
AMEX Blue Cash,9/9/2020,ALDI,Groceries,$134.39 ,,,,,
Groceries,9/10/2020,AMAZON MARKETPLACE - refund,Amazon Store Card,$37.62 ,,,,,
AMEX Blue Cash,9/10/2020,ALDI,Groceries,$2.94 ,,,,,
Citi Double Cash Back,9/10/2020,USA*D & J ENTERPRISES HUGHESVILLE MD,Snacks,$0.75 ,,,,,
Citi Double Cash Back,9/13/2020,LAUREL GOLF AND RECRE LAUREL MD,Activities,$18.40 ,,,,,
Citi Double Cash Back,9/13/2020,LAUREL GOLF AND RECRE LAUREL MD,Activities,$12.60 ,,,,,
AMEX Blue Cash,9/14/2020,ALDI,Groceries,$1.55 ,,,,,
AMEX Blue Cash,9/14/2020,ALDI,Groceries,$20.77 ,,,,,
Capital One Savor,9/14/2020,TST* DOLCEZZA AT BETH,Coffee Shops,$11.66 ,,,,,
Capital One Checking,9/14/2020,Royal Farms,Gas,$22.97 ,,,,,
Dining Out,9/14/2020,ATM Deposit,Capital One Checking,$100.00 ,,,,,
Citi Double Cash Back,9/15/2020,Spotify USA New York NY,Spotify,$12.99 ,,,,,
Capital One Checking,9/15/2020,Verizon,Verizon,$60.71 ,,,,,
AMEX Blue Cash,9/16/2020,Interest charge,Personal,$1.68 ,,,,,
AMEX Blue Cash,9/16/2020,ALDI,Groceries,$16.05 ,,,,,
BofA Cash Card,9/16/2020,AIRBNB HMZMN4DX98,Gifts,$500.66 ,,,,,
Citi Double Cash Back,9/16/2020,USA*D & J ENTERPRISES HUGHESVILLE MD,Snacks,$1.50 ,,,,,
Electronics,9/16/2020,CACI paid me back for Apple renewal,Capital One Checking,$104.94 ,,,,,
Gifts-R,9/17/2020,Aunt Karen gave us wedding gift,Capital One Checking,$250.00 ,,,,,
AMEX Blue Cash,9/19/2020,ALDI,Groceries,$32.00 ,,,,,
AMEX Blue Cash,9/21/2020,ALDI,Groceries,$133.84 ,,,,,
Capital One Checking,9/21/2020,Royal Farms,Gas,$18.89 ,,,,,
Tower FCU Checking,9/21/2020,Payment to 407841-10L,Tower FCU Car Loan,$654.16 ,,,,,
Citi Double Cash Back,9/22/2020,QUIP NYC,Health,$15.90 ,,,,,
CACI,9/22/2020,PAYCHECK,Capital One Checking,"$1,145.00 ",,,,,
CACI,9/22/2020,PAYCHECK,Capital One Checking,"$1,145.00 ",,,,,
CACI,9/22/2020,PAYCHECK,Capital One Savings,$615.50 ,,,,,
CACI,9/22/2020,PAYCHECK,Capital One Savings,"$1,570.25 ",,,,,
CACI,9/22/2020,PAYCHECK,TD Bank,$348.00 ,,,,,
CACI,9/22/2020,PAYCHECK,TD Bank,$350.00 ,,,,,
CACI,9/22/2020,PAYCHECK,Tower FCU Checking,$164.00 ,,,,,
CACI,9/22/2020,PAYCHECK,Tower FCU Checking,$164.00 ,,,,,
CACI,9/22/2020,PAYCHECK,HSA,$75.00 ,,,,,
CACI,9/22/2020,PAYCHECK,401k,$293.66 ,,,,,
CACI,9/22/2020,PAYCHECK,401k - Syd,$375.90 ,,,,,
CACI Contr.,9/22/2020,PAYCHECK,401k,$146.83 ,,,,,
CACI Contr.,9/22/2020,PAYCHECK,401k - Syd,$187.80 ,,,,,
AMEX Blue Cash,9/24/2020,ALDI,Groceries,$51.10 ,,,,,
Apple Card,9/24/2020,Burger King,Dining Out,$2.21 ,,,,,
Capital One Savor,9/26/2020,City Roast,Dining Out,$3.50 ,,,,,
Apple Card,9/26/2020,Mason's Creamery,Snacks,$4.50 ,,,,,
Citi Double Cash Back,9/27/2020,Royal Farms,Gas,$18.38 ,,,,,
Activities,9/27/2020,Lior Paid me back for poconos,SquareCash,"$1,070.58 ",,,,,
Capital One Savor,9/28/2020,Corcoran VineYards,Alcohol/Bars,$19.50 ,,,,,
Capital One Savor,9/28/2020,The Bungalow Lakehouse,Dining Out,$68.64 ,,,,,
Capital One Savor,9/28/2020,Federal House,Dining Out,$39.39 ,,,,,
Citi Double Cash Back,9/28/2020,PARKMOBILE,Parking,$1.95 ,,,,,
Citi Double Cash Back,9/28/2020,PARKMOBILE,Parking,$2.70 ,,,,,
Citi Double Cash Back,9/28/2020,PARKMOBILE,Parking,$4.20 ,,,,,
Citi Double Cash Back,9/28/2020,USA*D & J ENTERPRISES HUGHESVILLE MD,Snacks,$1.50 ,,,,,
Gifts-R,9/28/2020,Anzels gave us wedding gift,Capital One Checking,$360.00 ,,,,,
Capital One Savor,9/29/2020,PIKE CHICKEN AND BEER,Alcohol/Bars,$8.96 ,,,,,
Capital One Savor,9/29/2020,MONSTER,Dining Out,$5.78 ,,,,,
Citi Double Cash Back,9/29/2020,GEICO,Auto Insurance,$844.78 ,,,,,
Tower FCU Checking,9/29/2020,Payment to 407841-10L,Tower FCU Car Loan,"$1,022.14 ",,,,,
Amazon Store Card,9/29/2020,AMAZON MARKETPLACE,Wedding,$21.47 ,,,,,
AMEX Blue Cash,9/30/2020,ALDI,Groceries,$75.57 ,,,,,
Capital One Checking,9/30/2020,PAYMENT - Thank You,Apple Card,$228.60 ,,,,,
Capital One Checking,9/30/2020,PAYMENT - Thank You,AMEX Blue Cash,$592.57 ,,,,,
Capital One Checking,9/30/2020,PAYMENT - Thank You,Capital One Savor,$258.93 ,,,,,
Capital One Checking,9/30/2020,PAYMENT - Thank You,Chase Sapphire - Syd,$95.00 ,,,,,
Capital One Checking,9/30/2020,PAYMENT - Thank You,Citi Double Cash Back,"$1,191.33 ",,,,,
Checking Interest,9/30/2020,Monthly Interest Paid,Capital One Checking,$0.68 ,,,,,
Checking Interest,9/30/2020,DIVIDEND / Dividend,Tower FCU Checking,$0.03 ,,,,,
Savings Interest,9/30/2020,Monthly Interest Paid,Capital One Savings,$23.94 ,,,,,
TD Bank,10/1/2020,Discover Student Loan (Edo),Discover Student Loan,$370.00 ,,,,,
Amazon Store Card,10/1/2020,AMAZON RETAIL SEATTLE WA,Gifts,$42.40 ,,,,,
Capital One Savor,10/2/2020,Ebenezers Coffeehouse,Dining Out,$10.16 ,,,,,
Capital One Savor,10/2/2020,SQ *SOUTH BLOCK - UNIO,Dining Out,$24.20 ,,,,,
Capital One Checking,10/2/2020,GREYSTAR-MDSHEC-,Apartment,"$1,591.12 ",,,,,
Citi Double Cash Back,10/2/2020,CVS/PHARMACY #01909 ELKRIDGE,Pharmacy,$14.34 ,,,,,
Citi Double Cash Back,10/2/2020,APPLE.COM/BILL,Electronics,$2.99 ,,,,,
AMEX Blue Cash,10/3/2020,ALDI,Groceries,$72.70 ,,,,,
Capital One Savor,10/3/2020,Platform Beer Co,Dining Out,$14.00 ,,,,,
Capital One Savor,10/3/2020,Seti's Polish Boys,Delivery/ Carry-Out,$7.00 ,,,,,
Citi Double Cash Back,10/3/2020,PABC MULTI SPACE 3,Parking,$7.00 ,,,,,
Citi Double Cash Back,10/3/2020,PABC MULTI SPACE 3,Parking,$4.27 ,,,,,
Citi Double Cash Back,10/4/2020,MONSTER ROCKVILLE,Dining Out,$6.31 ,,,,,
Citi Double Cash Back,10/5/2020,USA Volleyball,Volleyball,$22.50 ,,,,,
Citi Double Cash Back,10/5/2020,USA Volleyball,Volleyball,$22.50 ,,,,,
Citi Double Cash Back,10/5/2020,IJJI*88-AURM 408-933-3923 CA,Electronics,$8.08 ,,,,,
Capital One Checking,10/5/2020,Royal Farms,Gas,$25.31 ,,,,,
Capital One Checking,10/5/2020,BALTIMOREGAS RES,Apartment,$102.72 ,,,,,
Citi Double Cash Back,10/6/2020,USA*D & J ENTERPRISES HUGHESVILLE MD,Groceries,$0.75 ,,,,,
Tower FCU Savings,10/7/2020,Transfer,Tower FCU Checking,$50.00 ,,,,,
Tower FCU Checking,10/7/2020,Payment to 407841-10L,Tower FCU Car Loan,$955.54 ,,,,,
TD Bank,10/7/2020,Nelnet loan,Nelnet Loan,$720.76 ,,,,,
Chase Sapphire - Syd,10/7/2020,Interest charge,Personal,$1.21 ,,,,,
CACI,10/7/2020,PAYCHECK,Capital One Checking,"$1,145.00 ",,,,,
CACI,10/7/2020,PAYCHECK,Capital One Checking,"$1,145.00 ",,,,,
CACI,10/7/2020,PAYCHECK,Capital One Savings,$615.51 ,,,,,
CACI,10/7/2020,PAYCHECK,Capital One Savings,"$1,570.25 ",,,,,
CACI,10/7/2020,PAYCHECK,TD Bank,$348.00 ,,,,,
CACI,10/7/2020,PAYCHECK,TD Bank,$350.00 ,,,,,
CACI,10/7/2020,PAYCHECK,Tower FCU Checking,$164.00 ,,,,,
CACI,10/7/2020,PAYCHECK,Tower FCU Checking,$164.00 ,,,,,
CACI,10/7/2020,PAYCHECK,HSA,$75.00 ,,,,,
CACI,10/7/2020,PAYCHECK,401k,$293.66 ,,,,,
CACI,10/7/2020,PAYCHECK,401k - Syd,$375.90 ,,,,,
CACI Contr.,10/7/2020,PAYCHECK,401k,$146.83 ,,,,,
CACI Contr.,10/7/2020,PAYCHECK,401k - Syd,$187.80 ,,,,,
Citi Double Cash Back,10/8/2020,USA*D & J ENTERPRISES HUGHESVILLE MD,Groceries,$0.75 ,,,,,
TD Bank,10/8/2020,Transfer,Tower FCU Savings,$55.00 ,,,,,
Citi Double Cash Back,10/10/2020,SQ *ROBERT ZARKO Media PA,Alcohol/Bars,$8.05 ,,,,,
Citi Double Cash Back,10/10/2020,DUNKIN' MOBILE 8004470013 MA,Coffee Shops,$15.00 ,,,,,
Citi Double Cash Back,10/10/2020,ROYAL FARMS #54 ELKRIDGE MD,Gas,$21.61 ,,,,,
Apple Card,10/10/2020,Sheetz,Volleyball,$20.39 ,,,,,
AMEX Blue Cash,10/11/2020,ALDI,Groceries,$23.13 ,,,,,
Citi Double Cash Back,10/11/2020,PARKMOBILE-10 770-818-9036 GA,Parking,$2.90 ,,,,,
Citi Double Cash Back,10/11/2020,PARKMOBILE-10 770-818-9036 GA,Parking,$5.40 ,,,,,
Citi Double Cash Back,10/11/2020,ROYAL FARMS #54 ELKRIDGE MD,Gas,$21.44 ,,,,,
Amazon Store Card,10/11/2020,CREDIT BALANCE REFUND,Capital One Checking,$12.54 ,,,,,
Capital One Savor,10/12/2020,Old State Tavern,Alcohol/Bars,$25.14 ,,,,,
Capital One Savor,10/12/2020,Carmen's Famous Italian Hoagie,Delivery/ Carry-Out,$17.01 ,,,,,
Citi Double Cash Back,10/12/2020,USA*D & J ENTERPRISES HUGHESVILLE MD,Groceries,$0.75 ,,,,,
AMEX Blue Cash,10/13/2020,ALDI,Groceries,$59.86 ,,,,,
Chase Sapphire,10/13/2020,Statement Refund,Capital One Checking,"$2,165.00 ",,,,,
Capital One Checking,10/13/2020,transfer,Venmo,$25.00 ,,,,,
Venmo,10/13/2020,Paid Chris for VB in Cleveland,Volleyball,$25.00 ,,,,,
SquareCash,10/13/2020,Paid Ward for Syds Insurance and Phone,Syds Insurance,$120.00 ,,,,,
SquareCash,10/13/2020,Paid Lior for Car,Car Payments,$198.00 ,,,,,
SquareCash,10/13/2020,Paid Lior for phone,Phone Bill,$33.00 ,,,,,
Amazon Store Card,10/14/2020,AMAZON MARKETPLACE,Electronics,$29.46 ,,,,,
Amazon Store Card,10/14/2020,AMAZON MARKETPLACE,Electronics,$14.73 ,,,,,
Capital One Checking,10/14/2020,Verizon,Verizon,$60.71 ,,,,,
Citi Double Cash Back,10/15/2020,Spotify USA New York NY,Spotify,$12.99 ,,,,,
Citi Double Cash Back,10/16/2020,USA*D & J ENTERPRISES HUGHESVILLE MD,Groceries,$0.75 ,,,,,
Citi Double Cash Back,10/16/2020,LARK BROWN LIQUOR ELKRIDGE MD,Alcohol/Bars,$13.12 ,,,,,
Capital One Savings,10/17/2020,transfer,Capital One Checking,"$5,000.00 ",,,,,
Nutritional items,10/18/2020,Lior gave me money for Mom's Toceyln,SquareCash,$75.00 ,,,,,
Capital One Savor,10/19/2020,First Watch,Dining Out,$53.15 ,,,,,
Capital One Savor,10/19/2020,Atwater's,Coffee Shops,$13.00 ,,,,,
Capital One Checking,10/19/2020,transfer,SquareCash,$250.00 ,,,,,
SquareCash,10/19/2020,Got Lior a bbq,Gifts,$250.00 ,,,,,
AMEX Blue Cash,10/19/2020,WEIS MARKETS INC 287ELKRIDGE            MD,Groceries,$120.68 ,,,,,
SquareCash,10/20/2020,transfer,Capital One Checking,$794.58 ,,,,,
AMEX Blue Cash,10/20/2020,WEIS MARKETS INC 287ELKRIDGE            MD,Groceries,$33.37 ,,,,,
BofA Cash Card,10/21/2020,AIRBNB HM5BSNCPTS,Activities,$343.80 ,,,,,
Citi Double Cash Back,10/21/2020,USA*D & J ENTERPRISES HUGHESVILLE MD,Groceries,$0.75 ,,,,,
Citi Double Cash Back,10/21/2020,LAUREL FOOT AND ANKLE LAUREL MD,Nutritional Items,$150.00 ,,,,,
Citi Double Cash Back,10/22/2020,MCDONALD'S F12162 COLUMBIA MD,Delivery/ Carry-Out,$6.13 ,,,,,
CACI,10/22/2020,PAYCHECK,Capital One Checking,"$1,145.00 ",,,,,
CACI,10/22/2020,PAYCHECK,Capital One Checking,"$1,145.00 ",,,,,
CACI,10/22/2020,PAYCHECK,Capital One Savings,$615.50 ,,,,,
CACI,10/22/2020,PAYCHECK,Capital One Savings,"$1,570.26 ",,,,,
CACI,10/22/2020,PAYCHECK,TD Bank,$348.00 ,,,,,
CACI,10/22/2020,PAYCHECK,TD Bank,$350.00 ,,,,,
CACI,10/22/2020,PAYCHECK,Tower FCU Checking,$164.00 ,,,,,
CACI,10/22/2020,PAYCHECK,Tower FCU Checking,$164.00 ,,,,,
CACI,10/22/2020,PAYCHECK,HSA,$75.00 ,,,,,
CACI,10/22/2020,PAYCHECK,401k,$293.66 ,,,,,
CACI,10/22/2020,PAYCHECK,401k - Syd,$375.90 ,,,,,
CACI Contr.,10/22/2020,PAYCHECK,401k,$146.83 ,,,,,
CACI Contr.,10/22/2020,PAYCHECK,401k - Syd,$187.80 ,,,,,
Apple Card,10/22/2020,ParkMobile,Parking,$5.05 ,,,,,
Citi Double Cash Back,10/23/2020,USA*D & J ENTERPRISES HUGHESVILLE MD,Groceries,$0.75 ,,,,,
Amazon Store Card,10/24/2020,AMAZON Marketplace,Clothing,$74.18 ,,,,,
Capital One Savor,10/24/2020,Sips at C Street,Coffee Shops,$11.50 ,,,,,
Citi Double Cash Back,10/24/2020,PABC MULTI-SPACE BALTIMORE MD,Parking,$4.20 ,,,,,
Citi Double Cash Back,10/24/2020,CVS/PHARMACY #01909 ELKRIDGE,Groceries,$6.36 ,,,,,
Capital One Savor,10/26/2020,Sips at C Street,Coffee Shops,$10.10 ,,,,,
Capital One Savor,10/26/2020,Sips at C Street,Dining Out,$19.36 ,,,,,
Capital One Savor,10/26/2020,Sips at C Street,Coffee Shops,$12.85 ,,,,,
Capital One Checking,10/26/2020,Royal Farms,Gas,$22.65 ,,,,,
Capital One Checking,10/26/2020,transfer,Venmo,$64.00 ,,,,,
Venmo,10/26/2020,Paid Kevin for Top Golf,Activities,$64.00 ,,,,,
Amazon Store Card,10/27/2020,AMAZON RETAIL SEATTLE WA,Apartment Stuff,$17.99 ,,,,,
Amazon Store Card,10/27/2020,AMAZON RETAIL SEATTLE WA,Apartment Stuff,$9.05 ,,,,,
Capital One Checking,10/27/2020,Royal Farms,Gas,$21.56 ,,,,,
AMEX Blue Cash,10/28/2020,AplPay ALDI 71083 00ELKRIDGE            MD,Groceries,$16.32 ,,,,,
Citi Double Cash Back,10/28/2020,USA*D & J ENTERPRISES HUGHESVILLE MD,Groceries,$0.75 ,,,,,
AMEX Blue Cash,10/29/2020,ALDI 71083 000000000ELKRIDGE            MD,Groceries,$26.98 ,,,,,
Citi Double Cash Back,10/29/2020,USA*D & J ENTERPRISES HUGHESVILLE MD,Groceries,$0.75 ,,,,,
Savings Interest,10/30/2020,Monthly Interest Paid,Capital One Savings,$20.68 ,,,,,
Capital One Checking,10/30/2020,PAYMENT - Thank You,Amazon Store Card,$145.41 ,,,,,
Capital One Checking,10/30/2020,PAYMENT - Thank You,AMEX Blue Cash,$155.69 ,,,,,
Capital One Checking,10/30/2020,PAYMENT - Thank You,BofA Cash Card,$196.15 ,,,,,
Capital One Checking,10/30/2020,PAYMENT - Thank You,Capital One Savor,$217.47 ,,,,,
Capital One Checking,10/30/2020,PAYMENT - Thank You,Chase Sapphire - Syd,$1.21 ,,,,,
Amazon Store Card,10/30/2020,AMAZON RETAIL SEATTLE WA,Gifts,$47.09 ,,,,,
Capital One Checking,10/30/2020,PAYMENT - Thank You,Citi Double Cash Back,$359.69 ,,,,,
Citi Double Cash Back,10/30/2020,CVS Pharmacy,Pharmacy,$36.33 ,,,,,
Citi Double Cash Back,10/30/2020,WAL-MART #5228 COLUMBIA MD,Clothing,$58.10 ,,,,,
Citi Double Cash Back,10/31/2020,DUNKIN #350763 Q35 HYATTSTOWN MD,Coffee Shops,$6.53 ,,,,,
Checking Interest,10/31/2020,Monthly Interest Paid,Capital One Checking,$1.12 ,,,,,
AMEX Blue Cash,11/1/2020,AplPay ALDI 71083 00ELKRIDGE            MD,Groceries,$113.23 ,,,,,
Amazon Store Card,11/1/2020,AMAZON MARKETPLACE       SEATTLE      WA,Maintenance,$54.97 ,,,,,
Clothing,11/1/2020,WAL-MART #5228 COLUMBIA MD - refund,Citi Double Cash Back,$13.66 ,,,,,
Citi Double Cash Back,11/1/2020,WAL-MART #5228 COLUMBIA MD,Clothing,$71.50 ,,,,,
Amazon Store Card,11/2/2020,AMAZON MARKETPLACE       SEATTLE      WA,Clothing,$8.98 ,,,,,
Citi Double Cash Back,11/2/2020,APPLE.COM/BILL 866-712-7753 CA,Electronics,$2.99 ,,,,,
Capital One Checking,11/2/2020,GREYSTAR-MDSHEC-,Apartment,"$1,591.04 ",,,,,
Capital One Checking,11/3/2020,BALTIMOREGAS RES,Apartment,$80.05 ,,,,,
Capital One Checking,11/3/2020,PAYMENT - Thank You,Apple Card,$25.44 ,,,,,
Citi Double Cash Back,11/4/2020,KEITH E KARAS DMD COLUMBIA MD,Doctor Visit,$277.00 ,,,,,
Amazon Store Card,11/5/2020,AMAZON MARKETPLACE       SEATTLE      WA,Maintenance,$55.05 ,,,,,
Amazon Store Card,11/5/2020,AMAZON MARKETPLACE       SEATTLE      WA,Clothing,$93.15 ,,,,,
Capital One Checking,11/5/2020,Royal Farms,Gas,$38.66 ,,,,,
Citi Double Cash Back,11/6/2020,LARK BROWN LIQUOR ELKRIDGE MD,Alcohol/Bars,$14.21 ,,,,,
CACI,11/6/2020,PAYCHECK,Capital One Checking,"$1,145.00 ",,,,,
CACI,11/6/2020,PAYCHECK,Capital One Savings,$615.51 ,,,,,
CACI,11/6/2020,PAYCHECK,Capital One Savings,"$1,570.25 ",,,,,
CACI,11/6/2020,PAYCHECK,TD Bank,$512.00 ,,,,,
CACI,11/6/2020,PAYCHECK,TD Bank,$514.00 ,,,,,
CACI,11/6/2020,PAYCHECK,HSA,$75.00 ,,,,,
CACI,11/6/2020,PAYCHECK,401k,$293.66 ,,,,,
CACI,11/6/2020,PAYCHECK,401k - Syd,$375.90 ,,,,,
CACI Contr.,11/6/2020,PAYCHECK,401k,$146.83 ,,,,,
CACI Contr.,11/6/2020,PAYCHECK,401k - Syd,$187.80 ,,,,,
CACI,11/6/2020,PAYCHECK,Capital One Checking,"$1,145.00 ",,,,,
AMEX Blue Cash,11/7/2020,WEIS MARKETS INC 287ELKRIDGE            MD,Groceries,$65.43 ,,,,,
Venmo,11/7/2020,Paid Amy for CutShot Tournament,Volleyball,$70.00 ,,,,,
AMEX Blue Cash,11/8/2020,AplPay FRANKS PRODUCELKRIDGE            MD,Groceries,$8.97 ,,,,,
Apple Card,11/8/2020,Kohls,Clothing,$11.24 ,,,,,
TD Bank,11/9/2020,Dept Education Student Ln,Nelnet Loan,"$2,046.30 ",,,,,
Citi Double Cash Back,11/9/2020,USA*D & J ENTERPRISES HUGHESVILLE MD,Groceries,$0.75 ,,,,,
Capital One Checking,11/9/2020,Transfer,Venmo,$70.00 ,,,,,
Capital One Checking,11/9/2020,Royal Farms,Gas,$18.85 ,,,,,
Capital One Savor,11/10/2020,Sips at C Street,Coffee Shops,$22.62 ,,,,,
Capital One Checking,11/10/2020,Royal Farms,Gas,$25.79 ,,,,,
Capital One Savor,11/11/2020,On The Border,Dining Out,$40.00 ,,,,,
Clothing,11/11/2020,AMAZON MARKETPLACE       SEATTLE      WA,Amazon Store Card,$43.45 ,,,,,
Amazon Store Card,11/12/2020,AMAZON RETAIL            SEATTLE      WA,Electronics,$422.94 ,,,,,
AMEX Blue Cash,11/13/2020,AplPay ALDI 71083 00ELKRIDGE            MD,Groceries,$165.60 ,,,,,
HSA,11/13/2020,HSA Reimbursement,Capital One Checking,$277.00 ,,,,,
Citi Double Cash Back,11/15/2020,Spotify USA New York NY,Spotify,$12.99 ,,,,,
Citi Double Cash Back,11/15/2020,DUNKIN' MOBILE 8004470013 MA,Coffee Shops,$15.00 ,,,,,
Capital One Savor,11/16/2020,The Coffee Mill,Dining Out,$13.24 ,,,,,
AMEX Blue Cash,11/16/2020,WEIS MARKETS INC 287ELKRIDGE            MD,Groceries,$51.76 ,,,,,
Various Income,11/16/2020,Edos' Investment,Capital One Checking,"$4,332.61 ",,,,,
Volleyball,11/16/2020,Stephanie paid me for WUVC Shirt,Venmo,$15.00 ,,,,,
Capital One Checking,11/16/2020,Verizon,Verizon,$60.71 ,,,,,
Amazon Store Card,11/17/2020,AMAZON MARKETPLACE       SEATTLE      WA,Gifts,$51.77 ,,,,,
Clothing,11/17/2020,AMAZON MARKETPLACE       SEATTLE      WA,Amazon Store Card,$34.97 ,,,,,
Amazon Store Card,11/17/2020,AMAZON MARKETPLACE       SEATTLE      WA,Clothing,$71.35 ,,,,,
Capital One Checking,11/17/2020,Royal Farms,Gas,$22.45 ,,,,,
Citi Double Cash Back,11/18/2020,NESPRESSO USA 888-637-7737 NY,Groceries,$93.50 ,,,,,
Capital One Checking,11/18/2020,EMD,Personal,"$4,500.00 ",,,,,
Capital One Savor,11/20/2020,VIVI Bubble Tea,Dining Out,$21.85 ,,,,,
CACI,11/20/2020,PAYCHECK,Capital One Checking,"$1,145.00 ",,,,,
CACI,11/20/2020,PAYCHECK,Capital One Checking,"$1,145.00 ",,,,,
SquareCash,11/20/2020,House Inspection,Personal,$315.00 ,,,,,
CACI,11/20/2020,PAYCHECK,Capital One Savings,$615.50 ,,,,,
CACI,11/20/2020,PAYCHECK,Capital One Savings,"$1,570.26 ",,,,,
CACI,11/20/2020,PAYCHECK,TD Bank,$512.00 ,,,,,
CACI,11/20/2020,PAYCHECK,TD Bank,$514.00 ,,,,,
CACI,11/20/2020,PAYCHECK,HSA,$75.00 ,,,,,
CACI,11/20/2020,PAYCHECK,401k,$293.66 ,,,,,
CACI,11/20/2020,PAYCHECK,401k - Syd,$375.90 ,,,,,
CACI Contr.,11/20/2020,PAYCHECK,401k,$146.83 ,,,,,
CACI Contr.,11/20/2020,PAYCHECK,401k - Syd,$187.80 ,,,,,
Capital One Checking,11/20/2020,Transfer,SquareCash,$315.00 ,,,,,
Citi Double Cash Back,11/21/2020,DUNKIN' MOBILE 8004470013 MA,Coffee Shops,$15.00 ,,,,,
SquareCash,11/21/2020,House Inspection,Personal,$1.00 ,,,,,
Capital One Checking,11/21/2020,Transfer,SquareCash,$1.00 ,,,,,
Capital One Savor,11/23/2020,Chipotle,Dining Out,$18.29 ,,,,,
AMEX Blue Cash,11/23/2020,AplPay ALDI 71083 00ELKRIDGE            MD,Groceries,$25.67 ,,,,,
AMEX Blue Cash,11/23/2020,AplPay WEIS MARKETS ELKRIDGE            MD,Groceries,$81.88 ,,,,,
AMEX Blue Cash,11/24/2020,AplPay ALDI 71083 00ELKRIDGE            MD,Groceries,$6.33 ,,,,,
Citi Double Cash Back,11/24/2020,USA*D & J ENTERPRISES HUGHESVILLE MD,Groceries,$0.75 ,,,,,
Capital One Checking,11/24/2020,Transfer,SquareCash,$33.00 ,,,,,
Capital One Checking,11/24/2020,Transfer,SquareCash,$120.00 ,,,,,
SquareCash,11/24/2020,Paid Ward for Syds Insurance and Phone,Syds Insurance,$33.00 ,,,,,
SquareCash,11/24/2020,Paid Lior for phone,Phone Bill,$120.00 ,,,,,
SquareCash,11/24/2020,Paid Lior for Car,Car Payments,$198.00 ,,,,,
Citi Double Cash Back,11/24/2020,APPRAISAL LOGISTICS ANNAPOLIS MD,Personal,$475.00 ,,,,,
Capital One Checking,11/24/2020,Transfer,SquareCash,$198.00 ,,,,,
AMEX Blue Cash,11/25/2020,WEGMANS,Groceries,$19.16 ,,,,,
Citi Double Cash Back,11/25/2020,USA*D & J ENTERPRISES HUGHESVILLE MD,Groceries,$0.75 ,,,,,
Capital One Checking,11/26/2020,PAYMENT - Thank You,Amazon Store Card,$374.94 ,,,,,
Capital One Checking,11/26/2020,PAYMENT - Thank You,AMEX Blue Cash,$735.38 ,,,,,
Capital One Checking,11/26/2020,PAYMENT - Thank You,Capital One Savor,$130.16 ,,,,,
Capital One Savor,11/27/2020,LARK BROWN LIQUOR ELKRIDGE MD,Alcohol/Bars,$14.16 ,,,,,
Citi Double Cash Back,11/27/2020,DUNKIN' MOBILE 8004470013 MA,Coffee Shops,$15.00 ,,,,,
Capital One Checking,11/27/2020,Royal Farms,Gas,$25.21 ,,,,,
Citi Double Cash Back,11/28/2020,DUNKIN' MOBILE 8004470013 MA,Coffee Shops,$50.00 ,,,,,
Citi Double Cash Back,11/28/2020,WAL-MART #5228 Columbia MD,Clothing,$13.19 ,,,,,
Apple Card,11/28/2020,REI,Clothing,$100.23 ,,,,,
AMEX Blue Cash,11/30/2020,AplPay ALDI 71083 00ELKRIDGE            MD,Groceries,$5.86 ,,,,,
Capital One Savor,11/30/2020,YOGI Castle,Snacks,$19.43 ,,,,,
Capital One Checking,11/30/2020,PAYMENT - Thank You,Citi Double Cash Back,"$1,068.24 ",,,,,
Capital One Checking,11/30/2020,PAYMENT - Thank You,Apple Card,$111.47 ,,,,,
Checking Interest,11/30/2020,Checking Interest,Capital One Checking,$1.47 ,,,,,
Dining Out,11/30/2020,Transfer,Capital One Checking,$50.00 ,,,,,
Savings Interest,11/30/2020,Monthly Interest Paid,Capital One Savings,$20.65 ,,,,,
BofA Cash Card,12/1/2020,AIRBNB HM5BSNCPTS,Activities,$343.79 ,,,,,
Citi Double Cash Back,12/1/2020,USA*D & J ENTERPRISES HUGHESVILLE MD,Groceries,$0.75 ,,,,,
Capital One Checking,12/1/2020,Royal Farms,Gas,$22.72 ,,,,,
AMEX Blue Cash,12/2/2020,AplPay ALDI 71083 00ELKRIDGE            MD,Groceries,$135.55 ,,,,,
Capital One Savor,12/2/2020,Katana Sushi,Delivery/ Carry-Out,$85.00 ,,,,,
Citi Double Cash Back,12/2/2020,APPLE.COM/BILL 866-712-7753 CA,Electronics,$2.99 ,,,,,
Citi Double Cash Back,12/2/2020,LCA*LABCORP (LCBS),Doctor Visit,$72.39 ,,,,,
Capital One Checking,12/2/2020,GREYSTAR-MDSHEC-,Apartment,"$1,593.43 ",,,,,
Capital One Checking,12/2/2020,Transfer,Paypal,$57.21 ,,,,,
Paypal,12/2/2020,ShutterFly,Gifts,$57.21 ,,,,,
Capital One Checking,12/3/2020,BALTIMOREGAS RES,Apartment,$81.95 ,,,,,
Citi Double Cash Back,12/4/2020,USA*D & J ENTERPRISES HUGHESVILLE MD,Groceries,$0.75 ,,,,,
Various Income,12/4/2020,Unclamied property Check,Capital One Checking,$55.50 ,,,,,
Activities,12/4/2020,Transfer from PayPal for AirBnB,Capital One Checking,$64.00 ,,,,,
AMEX Blue Cash,12/5/2020,AplPay WEIS MARKETS ELKRIDGE            MD,Groceries,$25.97 ,,,,,
Apple Card,12/5/2020,CVS Pharmacy,Pharmacy,$22.97 ,,,,,
Auto Insurance,12/6/2020,GEICO *AUTO MACON DC,Citi Double Cash Back,$551.51 ,,,,,
Auto Insurance,12/6/2020,GEICO *AUTO MACON DC,Citi Double Cash Back,$65.77 ,,,,,
Capital One Savor,12/7/2020,McDonalds,Snacks,$6.13 ,,,,,
Capital One Savor,12/7/2020,Chick-Fil-A,Delivery/ Carry-Out,$23.08 ,,,,,
Citi Double Cash Back,12/7/2020,SQ *UNCLE JONS SOAP,Grooming,$18.90 ,,,,,
Citi Double Cash Back,12/7/2020,ALLCARE OF MD COLUMBIA MD,Doctor Visit,$15.00 ,,,,,
Citi Double Cash Back,12/7/2020,CVS/PHARMACY #01909 ELKRIDGE,Pharmacy,$2.33 ,,,,,
Citi Double Cash Back,12/7/2020,UBER EATS 8005928996 CA,Delivery/ Carry-Out,$33.00 ,,,,,
CACI,12/7/2020,PAYCHECK,Capital One Savings,"$1,570.25 ",,,,,
CACI,12/7/2020,PAYCHECK,Capital One Savings,$615.51 ,,,,,
CACI,12/7/2020,PAYCHECK,TD Bank,$514.00 ,,,,,
CACI,12/7/2020,PAYCHECK,TD Bank,$512.00 ,,,,,
CACI,12/7/2020,PAYCHECK,HSA,$75.00 ,,,,,
CACI,12/7/2020,PAYCHECK,401k,$293.66 ,,,,,
CACI,12/7/2020,PAYCHECK,401k - Syd,$375.90 ,,,,,
CACI Contr.,12/7/2020,PAYCHECK,401k,$146.83 ,,,,,
CACI Contr.,12/7/2020,PAYCHECK,401k - Syd,$187.80 ,,,,,
CACI,12/7/2020,PAYCHECK,Capital One Checking,"$1,145.00 ",,,,,
CACI,12/7/2020,PAYCHECK,Capital One Checking,"$1,145.00 ",,,,,
Amazon Store Card,12/13/2020,AMAZON MARKETPLACE SEATTLE WA,Gifts,$31.79 ,,,,,
Amazon Store Card,12/13/2020,AMAZON MARKETPLACE SEATTLE WA,Gifts,$133.11 ,,,,,
Amazon Store Card,12/14/2020,AMAZON MARKETPLACE SEATTLE WA,Gifts,$132.47 ,,,,,
Amazon Store Card,12/14/2020,AMAZON MARKETPLACE SEATTLE WA,Home,$72.08 ,,,,,
AMEX Blue Cash,12/14/2020,AplPay ALDI 71083 00ELKRIDGE            MD,Groceries,$75.17 ,,,,,
Capital One Savor,12/14/2020,McDonalds,Snacks,$6.13 ,,,,,
Capital One Savings,12/14/2020,Transfer,Capital One Checking,"$10,000.00 ",,,,,
AMEX Blue Cash,12/15/2020,Food City Newport TN,Groceries,$82.02 ,,,,,
Capital One Savor,12/15/2020,LARK BROWN LIQUOR ELKRIDGE MD,Alcohol/Bars,$14.16 ,,,,,
Citi Double Cash Back,12/15/2020,BP#1665587ROAD RUNNQPS,Gas,$43.56 ,,,,,
Citi Double Cash Back,12/15/2020,Spotify USA New York NY,Spotify,$12.99 ,,,,,
Capital One Checking,12/15/2020,Verizon,Verizon,$60.71 ,,,,,
Capital One Checking,12/15/2020,Royal Farms,Gas,$18.82 ,,,,,
Capital One Savor,12/16/2020,SQ *ONE LOVE COFFEE HO,Coffee Shops,$15.87 ,,,,,
Citi Double Cash Back,12/16/2020,Classic T's GatlinBurg,Clothing,$20.84 ,,,,,
Citi Double Cash Back,12/16/2020,HOLIDAY PARKING GATLINGBURG,Parking,$12.00 ,,,,,
Apple Card,12/16/2020,Red Mill Monograms,Home,$35.00 ,,,,,
Apple Card,12/16/2020,Tennessee Cider Co,Alcohol/Bars,$21.95 ,,,,,
Apple Card,12/16/2020,Nike,Clothing,$65.83 ,,,,,
Capital One Savor,12/17/2020,Delauder BBQ,Dining Out,$46.43 ,,,,,
Capital One Savor,12/17/2020,Burger King,Delivery/ Carry-Out,$7.28 ,,,,,
Capital One Checking,12/17/2020,Royal Farms,Gas,$27.92 ,,,,,
Citi Double Cash Back,12/19/2020,EXXONMOBIL,Gas,$44.19 ,,,,,
Citi Double Cash Back,12/19/2020,EXXONMOBIL,Gas,$15.00 ,,,,,
Capital One Checking,12/19/2020,Wire Withdrawal to Universal Title,Home,"$22,100.00 ",,,,,
Capital One Checking,12/19/2020,Wire Withdrawal Fee,Home,$30.00 ,,,,,
Amazon Store Card,12/21/2020,AMAZON MARKETPLACE SEATTLE WA,Home,$105.95 ,,,,,
Capital One Savor,12/21/2020,Chick-Fil-A,Delivery/ Carry-Out,$18.86 ,,,,,
Capital One Savor,12/21/2020,Squisito Pizza and Pasta,Delivery/ Carry-Out,$24.00 ,,,,,
Apple Card,12/21/2020,Minute Key,Home,$21.20 ,,,,,
Amazon Store Card,12/22/2020,AMAZON MARKETPLACE SEATTLE WA,Home,$269.00 ,,,,,
Amazon Store Card,12/22/2020,AMAZON RETAIL SEATTLE WA,Apartment Stuff,$10.57 ,,,,,
AMEX Blue Cash,12/22/2020,Aldi,Groceries,$166.41 ,,,,,
Capital One Savor,12/22/2020,CHINA SEA EXPRESS,Delivery/ Carry-Out,$33.81 ,,,,,
Citi Double Cash Back,12/22/2020,Quip NYC,Pharmacy,$15.90 ,,,,,
CACI,12/22/2020,PAYCHECK,Capital One Savings,"$1,570.25 ",,,,,
CACI,12/22/2020,PAYCHECK,Capital One Savings,$615.50 ,,,,,
CACI,12/22/2020,PAYCHECK,TD Bank,$514.00 ,,,,,
CACI,12/22/2020,PAYCHECK,TD Bank,$512.00 ,,,,,
CACI,12/22/2020,PAYCHECK,HSA,$75.00 ,,,,,
CACI,12/22/2020,PAYCHECK,401k,$293.66 ,,,,,
CACI,12/22/2020,PAYCHECK,401k - Syd,$375.90 ,,,,,
CACI Contr.,12/22/2020,PAYCHECK,401k,$146.83 ,,,,,
CACI Contr.,12/22/2020,PAYCHECK,401k - Syd,$187.80 ,,,,,
CACI,12/22/2020,PAYCHECK,Capital One Checking,"$1,145.00 ",,,,,
CACI,12/22/2020,PAYCHECK,Capital One Checking,"$1,145.00 ",,,,,
Home,12/22/2020,Overypayment from Universal Title,Capital One Checking,$154.34 ,,,,,
Citi Double Cash Back,12/23/2020,USA*D & J ENTERPRISES HUGHESVILLE MD,Groceries,$0.75 ,,,,,
Citi Double Cash Back,12/23/2020,The Home Depot,Home,$55.20 ,,,,,
TD Bank,12/23/2020,Dept Education Student Ln,Nelnet Loan,"$2,046.30 ",,,,,
SquareCash,12/23/2020,Paid Ward for Syds Insurance and Phone,Syds Insurance,$120.00 ,,,,,
SquareCash,12/23/2020,Paid Lior for phone,Phone Bill,$33.00 ,,,,,
Capital One Checking,12/23/2020,Transfer,SquareCash,$120.00 ,,,,,
Capital One Checking,12/23/2020,Transfer,SquareCash,$33.00 ,,,,,
Dining Out,12/23/2020,Transfer,Capital One Checking,$150.00 ,,,,,
Citi Double Cash Back,12/24/2020,USA*D & J ENTERPRISES HUGHESVILLE MD,Groceries,$0.75 ,,,,,
Home,12/24/2020,Ward and Jeanine gave us a gift for the house,Capital One Checking,"$11,000.00 ",,,,,
Doctor Visit,12/24/2020,HSA Reimbursement,Capital One Checking,$72.39 ,,,,,
Capital One Checking,12/29/2020,PAYMENT - Thank You,Amazon Store Card,"$1,106.91 ",,,,,
Capital One Checking,12/29/2020,PAYMENT - Thank You,AMEX Blue Cash,$490.98 ,,,,,
Capital One Checking,12/29/2020,PAYMENT - Thank You,BofA Cash Card,$343.79 ,,,,,
Capital One Checking,12/29/2020,PAYMENT - Thank You,Capital One Savor,$300.18 ,,,,,
Capital One Checking,12/29/2020,PAYMENT - Thank You,Apple Card,$166.95 ,,,,,
Amazon Store Card,12/26/2020,AMAZON MARKETPLACE SEATTLE WA,Home,$231.24 ,,,,,
Amazon Store Card,12/30/2020,AMAZON MARKETPLACE SEATTLE WA,Gifts,$126.10 ,,,,,
Home,12/31/2020,AMAZON MARKETPLACE SEATTLE WA,Amazon Store Card,$85.51 ,,,,,
Home,12/31/2020,AMAZON MARKETPLACE SEATTLE WA,Amazon Store Card,$59.34 ,,,,,
Gifts,12/31/2020,AMAZON MARKETPLACE SEATTLE WA,Amazon Store Card,$30.74 ,,,,,
Gifts,12/31/2020,AMAZON MARKETPLACE SEATTLE WA,Amazon Store Card,$33.91 ,,,,,
AMEX Blue Cash,12/31/2020,Wegmans,Groceries,$150.63 ,,,,,
Capital One Savor,12/29/2020,Chipotle,Delivery/ Carry-Out,$20.30 ,,,,,
Citi Double Cash Back,12/25/2020,DUNKIN' MOBILE 8004470013 MA,Coffee Shops,$10.00 ,,,,,
Home,12/26/2020,THE HOME DEPOT #2575 COLUMBIA MD,Citi Double Cash Back,$30.66 ,,,,,
Citi Double Cash Back,12/26/2020,THE HOME DEPOT #2575 COLUMBIA MD,Home,$168.02 ,,,,,
Citi Double Cash Back,12/26/2020,CVS/PHARMACY #01909 ELKRIDGE MD,Pharmacy,$27.83 ,,,,,
Citi Double Cash Back,12/27/2020,THE HOME DEPOT #2575 COLUMBIA MD,Home,$157.92 ,,,,,
Citi Double Cash Back,12/28/2020,VIVI BUBBLE TEA HANOVER MD,Snacks,$6.67 ,,,,,
Citi Double Cash Back,12/28/2020,LOWES #02244* ELKRIDGE MD,Home,$71.42 ,,,,,
Citi Double Cash Back,12/29/2020,USA*D & J ENTERPRISES HUGHESVILLE MD,Groceries,$0.75 ,,,,,
Citi Double Cash Back,12/30/2020,ERIEINSURANCEWEB 800-458-0811 PA,Auto Insurance,"$1,896.00 ",,,,,
Citi Double Cash Back,12/30/2020,ERIEINSURANCEWEB 800-458-0811 PA,Auto Insurance,$156.00 ,,,,,
Citi Double Cash Back,12/31/2020,LOWES #00624* BALTIMORE MD,Home,$46.04 ,,,,,
Checking Interest,12/31/2020,Monthly Interest Paid,Capital One Checking,$1.45 ,,,,,
Capital One Checking,12/28/2020,Royal Farms,Gas,$54.93 ,,,,,
Capital One Checking,12/31/2020,Royal Farms,Gas,$25.60 ,,,,,
Savings Interest,12/31/2020,Monthly Interest Paid,Capital One Savings,$15.61 ,,,,,
,,,,,,,,,
,,,,,,,,,
,,,,,,,,,
,,,,,,,,,
,,,,,,,,,
,,,,,,,,,
,,,,,,,,,
,,,,,,,,,
,,,,,,,,,
,,,,,,,,,
,,,,,,,,,
,,,,,,,,,
,,,,,,,,,
,,,,,,,,,
,,,,,,,,,
,,,,,,,,,
,,,,,,,,,
,,,,,,,,,
,,,,,,,,,
,,,,,,,,,
,,,,,,,,,
,,,,,,,,,
,,,,,,,,,
,,,,,,,,,
,,,,,,,,,
,,,,,,,,,
,,,,,,,,,
,,,,,,,,,
,,,,,,,,,
,,,,,,,,,
,,,,,,,,,
,,,,,,,,,
,,,,,,,,,
,,,,,,,,,
,,,,,,,,,
,,,,,,,,,
,,,,,,,,,
,,,,,,,,,
,,,,,,,,,
,,,,,,,,,
,,,,,,,,,
,,,,,,,,,
,,,,,,,,,
,,,,,,,,,
,,,,,,,,,
,,,,,,,,,
,,,,,,,,,
,,,,,,,,,
,,,,,,,,,
,,,,,,,,,
,,,,,,,,,
,,,,,,,,,
,,,,,,,,,
,,,,,,,,,
,,,,,,,,,
,,,,,,,,,
,,,,,,,,,
,,,,,,,,,
,,,,,,,,,
,,,,,,,,,
,,,,,,,,,
,,,,,,,,,
,,,,,,,,,
,,,,,,,,,
,,,,,,,,,
,,,,,,,,,
,,,,,,,,,
,,,,,,,,,
,,,,,,,,,
,,,,,,,,,
,,,,,,,,,
,,,,,,,,,
,,,,,,,,,
,,,,,,,,,
,,,,,,,,,
,,,,,,,,,
,,,,,,,,,
,,,,,,,,,
,,,,,,,,,
,,,,,,,,,
,,,,,,,,,
,,,,,,,,,
,,,,,,,,,
,,,,,,,,,
,,,,,,,,,
,,,,,,,,,
,,,,,,,,,
,,,,,,,,,
,,,,,,,,,
,,,,,,,,,
,,,,,,,,,
,,,,,,,,,
,,,,,,,,,
,,,,,,,,,
,,,,,,,,,
,,,,,,,,,
,,,,,,,,,
,,,,,,,,,
,,,,,,,,,
,,,,,,,,,
,,,,,,,,,
,,,,,,,,,
,,,,,,,,,
,,,,,,,,,
,,,,,,,,,
,,,,,,,,,
,,,,,,,,,
,,,,,,,,,
,,,,,,,,,
,,,,,,,,,
,,,,,,,,,
,,,,,,,,,
,,,,,,,,,
,,,,,,,,,
,,,,,,,,,
,,,,,,,,,
,,,,,,,,,
,,,,,,,,,
,,,,,,,,,
,,,,,,,,,
,,,,,,,,,
,,,,,,,,,
,,,,,,,,,
,,,,,,,,,
,,,,,,,,,
,,,,,,,,,
,,,,,,,,,
,,,,,,,,,
,,,,,,,,,
,,,,,,,,,
,,,,,,,,,
,,,,,,,,,
,,,,,,,,,
,,,,,,,,,
,,,,,,,,,
,,,,,,,,,
,,,,,,,,,
,,,,,,,,,
,,,,,,,,,
,,,,,,,,,
,,,,,,,,,
,,,,,,,,,
,,,,,,,,,
,,,,,,,,,
,,,,,,,,,
,,,,,,,,,
,,,,,,,,,
,,,,,,,,,
,,,,,,,,,
,,,,,,,,,
,,,,,,,,,
,,,,,,,,,
,,,,,,,,,
,,,,,,,,,
,,,,,,,,,
,,,,,,,,,
,,,,,,,,,
,,,,,,,,,
,,,,,,,,,
,,,,,,,,,
,,,,,,,,,
,,,,,,,,,
,,,,,,,,,
,,,,,,,,,
,,,,,,,,,
,,,,,,,,,
,,,,,,,,,
,,,,,,,,,
,,,,,,,,,
,,,,,,,,,
,,,,,,,,,
,,,,,,,,,
,,,,,,,,,
,,,,,,,,,
,,,,,,,,,
,,,,,,,,,
,,,,,,,,,
,,,,,,,,,
,,,,,,,,,
,,,,,,,,,
,,,,,,,,,
,,,,,,,,,
,,,,,,,,,
,,,,,,,,,
,,,,,,,,,
,,,,,,,,,
,,,,,,,,,
,,,,,,,,,
,,,,,,,,,
,,,,,,,,,
,,,,,,,,,
,,,,,,,,,
,,,,,,,,,
,,,,,,,,,
,,,,,,,,,
,,,,,,,,,
,,,,,,,,,
,,,,,,,,,
,,,,,,,,,
,,,,,,,,,
,,,,,,,,,
,,,,,,,,,
,,,,,,,,,
,,,,,,,,,
,,,,,,,,,
,,,,,,,,,
,,,,,,,,,
,,,,,,,,,
,,,,,,,,,
,,,,,,,,,
,,,,,,,,,
,,,,,,,,,
,,,,,,,,,
,,,,,,,,,
,,,,,,,,,
,,,,,,,,,
,,,,,,,,,
,,,,,,,,,
,,,,,,,,,
,,,,,,,,,
,,,,,,,,,
,,,,,,,,,
,,,,,,,,,
,,,,,,,,,
,,,,,,,,,
,,,,,,,,,
,,,,,,,,,
,,,,,,,,,
,,,,,,,,,
,,,,,,,,,
,,,,,,,,,
,,,,,,,,,
,,,,,,,,,
,,,,,,,,,
,,,,,,,,,
,,,,,,,,,
,,,,,,,,,
,,,,,,,,,
,,,,,,,,,
,,,,,,,,,
,,,,,,,,,
,,,,,,,,,
,,,,,,,,,
,,,,,,,,,
,,,,,,,,,
,,,,,,,,,
,,,,,,,,,
,,,,,,,,,
,,,,,,,,,
,,,,,,,,,
,,,,,,,,,
,,,,,,,,,
,,,,,,,,,
,,,,,,,,,
,,,,,,,,,
,,,,,,,,,
,,,,,,,,,
,,,,,,,,,
,,,,,,,,,
,,,,,,,,,
,,,,,,,,,
,,,,,,,,,
,,,,,,,,,
,,,,,,,,,
,,,,,,,,,
,,,,,,,,,
,,,,,,,,,
,,,,,,,,,
,,,,,,,,,
,,,,,,,,,
,,,,,,,,,
,,,,,,,,,
,,,,,,,,,
,,,,,,,,,
,,,,,,,,,
,,,,,,,,,
,,,,,,,,,
,,,,,,,,,
,,,,,,,,,
,,,,,,,,,
,,,,,,,,,
,,,,,,,,,
,,,,,,,,,
,,,,,,,,,
,,,,,,,,,
,,,,,,,,,
,,,,,,,,,
,,,,,,,,,
,,,,,,,,,
,,,,,,,,,
,,,,,,,,,
,,,,,,,,,
,,,,,,,,,
,,,,,,,,,
,,,,,,,,,
,,,,,,,,,
,,,,,,,,,
,,,,,,,,,
,,,,,,,,,
,,,,,,,,,
,,,,,,,,,
,,,,,,,,,
,,,,,,,,,
,,,,,,,,,
,,,,,,,,,
,,,,,,,,,
,,,,,,,,,
,,,,,,,,,
,,,,,,,,,
,,,,,,,,,
,,,,,,,,,
,,,,,,,,,
,,,,,,,,,
,,,,,,,,,
,,,,,,,,,
,,,,,,,,,
,,,,,,,,,
,,,,,,,,,
,,,,,,,,,
,,,,,,,,,
,,,,,,,,,
,,,,,,,,,
,,,,,,,,,
,,,,,,,,,
,,,,,,,,,
,,,,,,,,,
,,,,,,,,,
,,,,,,,,,
,,,,,,,,,
,,,,,,,,,
,,,,,,,,,
,,,,,,,,,
,,,,,,,,,
,,,,,,,,,
,,,,,,,,,
,,,,,,,,,
,,,,,,,,,
,,,,,,,,,
,,,,,,,,,
,,,,,,,,,
,,,,,,,,,
,,,,,,,,,
,,,,,,,,,
,,,,,,,,,
,,,,,,,,,
,,,,,,,,,
,,,,,,,,,
,,,,,,,,,
,,,,,,,,,
,,,,,,,,,
,,,,,,,,,
,,,,,,,,,
,,,,,,,,,
,,,,,,,,,
,,,,,,,,,
,,,,,,,,,
,,,,,,,,,
,,,,,,,,,
,,,,,,,,,
,,,,,,,,,
,,,,,,,,,
,,,,,,,,,
,,,,,,,,,
,,,,,,,,,
,,,,,,,,,
,,,,,,,,,
,,,,,,,,,
,,,,,,,,,
,,,,,,,,,
,,,,,,,,,
,,,,,,,,,
,,,,,,,,,
,,,,,,,,,
,,,,,,,,,
,,,,,,,,,
,,,,,,,,,
,,,,,,,,,
,,,,,,,,,
,,,,,,,,,
,,,,,,,,,
,,,,,,,,,
,,,,,,,,,
,,,,,,,,,
,,,,,,,,,
,,,,,,,,,
,,,,,,,,,
,,,,,,,,,
,,,,,,,,,
,,,,,,,,,
,,,,,,,,,
,,,,,,,,,
,,,,,,,,,
,,,,,,,,,
,,,,,,,,,
,,,,,,,,,
,,,,,,,,,
,,,,,,,,,
,,,,,,,,,
,,,,,,,,,
,,,,,,,,,
,,,,,,,,,
,,,,,,,,,
,,,,,,,,,
,,,,,,,,,
,,,,,,,,,
,,,,,,,,,
,,,,,,,,,
,,,,,,,,,
,,,,,,,,,
,,,,,,,,,
,,,,,,,,,
,,,,,,,,,
,,,,,,,,,
,,,,,,,,,
,,,,,,,,,
,,,,,,,,,
,,,,,,,,,
,,,,,,,,,
,,,,,,,,,
,,,,,,,,,
,,,,,,,,,
,,,,,,,,,
,,,,,,,,,
,,,,,,,,,
,,,,,,,,,
,,,,,,,,,
,,,,,,,,,
,,,,,,,,,
,,,,,,,,,
,,,,,,,,,
,,,,,,,,,
,,,,,,,,,
,,,,,,,,,
,,,,,,,,,
,,,,,,,,,
,,,,,,,,,
,,,,,,,,,
,,,,,,,,,
,,,,,,,,,
,,,,,,,,,
,,,,,,,,,
,,,,,,,,,
,,,,,,,,,
,,,,,,,,,
,,,,,,,,,
,,,,,,,,,
,,,,,,,,,
,,,,,,,,,
,,,,,,,,,
,,,,,,,,,
,,,,,,,,,
,,,,,,,,,
,,,,,,,,,
,,,,,,,,,
,,,,,,,,,
,,,,,,,,,
,,,,,,,,,
,,,,,,,,,
,,,,,,,,,
,,,,,,,,,
,,,,,,,,,
,,,,,,,,,
,,,,,,,,,
,,,,,,,,,
,,,,,,,,,
,,,,,,,,,
,,,,,,,,,
,,,,,,,,,
,,,,,,,,,
,,,,,,,,,
,,,,,,,,,
,,,,,,,,,
,,,,,,,,,
,,,,,,,,,
,,,,,,,,,
,,,,,,,,,
,,,,,,,,,
,,,,,,,,,
,,,,,,,,,
,,,,,,,,,
,,,,,,,,,
,,,,,,,,,
,,,,,,,,,
,,,,,,,,,
,,,,,,,,,
,,,,,,,,,
,,,,,,,,,
,,,,,,,,,
,,,,,,,,,
,,,,,,,,,
,,,,,,,,,
,,,,,,,,,
,,,,,,,,,
,,,,,,,,,
,,,,,,,,,
,,,,,,,,,
,,,,,,,,,
,,,,,,,,,
,,,,,,,,,
,,,,,,,,,
,,,,,,,,,
,,,,,,,,,
,,,,,,,,,
,,,,,,,,,
,,,,,,,,,
,,,,,,,,,
,,,,,,,,,
,,,,,,,,,
,,,,,,,,,
,,,,,,,,,
,,,,,,,,,
,,,,,,,,,
,,,,,,,,,
,,,,,,,,,
,,,,,,,,,
,,,,,,,,,
,,,,,,,,,
,,,,,,,,,
,,,,,,,,,
,,,,,,,,,
,,,,,,,,,
,,,,,,,,,
,,,,,,,,,
,,,,,,,,,
,,,,,,,,,
,,,,,,,,,
,,,,,,,,,
,,,,,,,,,
